nct_id,intervention_score
NCT05043376,11.188
NCT05014373,11.188
NCT05008003,11.188
NCT04990830,11.188
NCT04978051,11.188
NCT04954040,11.188
NCT04922827,11.188
NCT04890509,11.188
NCT04858633,11.188
NCT04853134,11.188
NCT04844710,11.188
NCT04834908,11.188
NCT04803370,11.188
NCT04797871,11.188
NCT04797936,11.188
NCT04796402,11.188
NCT04794803,11.188
NCT04790240,11.188
NCT04784897,11.188
NCT04780425,11.188
NCT04762628,11.188
NCT04745351,11.188
NCT04733833,11.188
NCT04724629,11.188
NCT04723550,11.188
NCT04710199,11.188
NCT04701502,11.188
NCT04682041,11.188
NCT04681430,11.188
NCT04663737,11.188
NCT04661930,11.188
NCT04653831,11.188
NCT04646044,11.188
NCT04644172,11.188
NCT04643678,11.188
NCT04640194,11.188
NCT04606784,11.188
NCT04596839,11.188
NCT04591600,11.188
NCT04590586,11.188
NCT04587414,11.188
NCT04581954,11.188
NCT04575064,11.188
NCT04568876,11.188
NCT04558476,11.188
NCT04547140,11.188
NCT04547283,11.188
NCT04547127,11.188
NCT04542694,11.188
NCT04535700,11.188
NCT04532931,11.188
NCT04530448,11.188
NCT04524663,11.188
NCT04523831,11.188
NCT04517396,11.188
NCT04512027,11.188
NCT04508023,11.188
NCT04501783,11.188
NCT04495101,11.188
NCT04494867,11.188
NCT04492891,11.188
NCT04492358,11.188
NCT04480138,11.188
NCT04480593,11.188
NCT04480424,11.188
NCT04479358,11.188
NCT04473170,11.188
NCT04473053,11.188
NCT04470544,11.188
NCT04465513,11.188
NCT04464395,11.188
NCT04463602,11.188
NCT04463420,11.188
NCT04460183,11.188
NCT04459676,11.188
NCT04459286,11.188
NCT04458363,11.188
NCT04456452,11.188
NCT04449380,11.188
NCT04446429,11.188
NCT04445935,11.188
NCT04441996,11.188
NCT04441385,11.188
NCT04440007,11.188
NCT04439071,11.188
NCT04438694,11.188
NCT04434248,11.188
NCT04431466,11.188
NCT04432324,11.188
NCT04429854,11.188
NCT04425915,11.188
NCT04425252,11.188
NCT04420247,11.188
NCT04416048,11.188
NCT04412291,11.188
NCT04411680,11.188
NCT04410328,11.188
NCT04409522,11.188
NCT04408456,11.188
NCT04405102,11.188
NCT04402203,11.188
NCT04395430,11.188
NCT04395144,11.188
NCT04393246,11.188
NCT04392531,11.188
NCT04392141,11.188
NCT04391712,11.188
NCT04390464,11.188
NCT04387760,11.188
NCT04385043,11.188
NCT04382547,11.188
NCT04382391,11.188
NCT04382053,11.188
NCT04380961,11.188
NCT04380935,11.188
NCT04380376,11.188
NCT04378712,11.188
NCT04376684,11.188
NCT04376034,11.188
NCT04374539,11.188
NCT04374487,11.188
NCT04374032,11.188
NCT04373733,11.188
NCT04368299,11.188
NCT04366947,11.188
NCT04366245,11.188
NCT04366232,11.188
NCT04365257,11.188
NCT04363437,11.188
NCT04362332,11.188
NCT04362059,11.188
NCT04359797,11.188
NCT04359095,11.188
NCT04358549,11.188
NCT04357808,11.188
NCT04356534,11.188
NCT04355364,11.188
NCT04351724,11.188
NCT04351542,11.188
NCT04351152,11.188
NCT04350684,11.188
NCT04350320,11.188
NCT04349241,11.188
NCT04348695,11.188
NCT04347941,11.188
NCT04346693,11.188
NCT04346628,11.188
NCT04345523,11.188
NCT04345419,11.188
NCT04344587,11.188
NCT04342728,11.188
NCT04335552,11.188
NCT04333914,11.188
NCT04333628,11.188
NCT04332835,11.188
NCT04331054,11.188
NCT04330638,11.188
NCT04328480,11.188
NCT04326790,11.188
NCT04325633,11.188
NCT04323345,11.188
NCT04322773,11.188
NCT04322344,11.188
NCT04321616,11.188
NCT04315948,11.188
NCT04304053,11.188
NCT04292899,11.188
NCT04292730,11.188
NCT04260594,11.188
NCT04244591,11.188
NCT05007236,11.188
NCT04871646,11.188
NCT04734873,11.188
NCT04654481,11.188
NCT04516811,11.188
NCT04472611,11.188
NCT04401475,11.188
NCT04381884,11.188
NCT04370262,11.188
NCT04366089,11.188
NCT04355936,11.188
NCT04333420,11.188
NCT04311697,11.188
NCT05024006,11.121
NCT04981379,11.121
NCT04779047,11.121
NCT04746365,11.121
NCT04668469,11.121
NCT04652648,11.121
NCT04605588,11.121
NCT04522466,11.121
NCT04491994,11.121
NCT04477083,11.121
NCT04466540,11.121
NCT04466280,11.121
NCT04458948,11.121
NCT04446104,11.121
NCT04435808,11.121
NCT04429867,11.121
NCT04421664,11.121
NCT04411433,11.121
NCT04410562,11.121
NCT04403100,11.121
NCT04395768,11.121
NCT04394442,11.121
NCT04394182,11.121
NCT04391127,11.121
NCT04384458,11.121
NCT04384380,11.121
NCT04381988,11.121
NCT04381936,11.121
NCT04380818,11.121
NCT04376814,11.121
NCT04374942,11.121
NCT04373044,11.121
NCT04372017,11.121
NCT04370782,11.121
NCT04369742,11.121
NCT04363827,11.121
NCT04363450,11.121
NCT04359953,11.121
NCT04359537,11.121
NCT04358081,11.121
NCT04358068,11.121
NCT04354870,11.121
NCT04354428,11.121
NCT04353271,11.121
NCT04352933,11.121
NCT04353037,11.121
NCT04351620,11.121
NCT04351191,11.121
NCT04350671,11.121
NCT04350281,11.121
NCT04349592,11.121
NCT04347980,11.121
NCT04347031,11.121
NCT04346667,11.121
NCT04345653,11.121
NCT04345692,11.121
NCT04344379,11.121
NCT04344457,11.121
NCT04344444,11.121
NCT04343768,11.121
NCT04342169,11.121
NCT04342221,11.121
NCT04341493,11.121
NCT04341441,11.121
NCT04341207,11.121
NCT04340544,11.121
NCT04340349,11.121
NCT04339816,11.121
NCT04338698,11.121
NCT04336332,11.121
NCT04334928,11.121
NCT04334382,11.121
NCT04335084,11.121
NCT04334512,11.121
NCT04333654,11.121
NCT04333225,11.121
NCT04332991,11.121
NCT04332094,11.121
NCT04331834,11.121
NCT04329832,11.121
NCT04329611,11.121
NCT04329923,11.121
NCT04328961,11.121
NCT04328467,11.121
NCT04328285,11.121
NCT04325893,11.121
NCT04322396,11.121
NCT04322123,11.121
NCT04321278,11.121
NCT04318444,11.121
NCT04318015,11.121
NCT04316377,11.121
NCT04315896,11.121
NCT04308668,11.121
NCT04307693,11.121
NCT04261517,11.121
NCT04715295,11.121
NCT04573153,11.121
NCT04502342,11.121
NCT04501965,11.121
NCT04435587,11.121
NCT04392973,11.121
NCT04355026,11.121
NCT04353336,11.121
NCT04345861,11.121
NCT04331470,11.121
NCT04303507,11.121
NCT04957940,11.051
NCT04944121,11.051
NCT04941105,11.051
NCT04912011,11.051
NCT04884295,11.051
NCT04839965,11.051
NCT04824365,11.051
NCT04805671,11.051
NCT04783311,11.051
NCT04760743,11.051
NCT04723563,11.051
NCT04649515,11.051
NCT04648800,11.051
NCT04641858,11.051
NCT04595136,11.051
NCT04584684,11.051
NCT04573322,11.051
NCT04549922,11.051
NCT04542330,11.051
NCT04523246,11.051
NCT04469179,11.051
NCT04458519,11.051
NCT04453852,11.051
NCT04445389,11.051
NCT04445285,11.051
NCT04444674,11.051
NCT04435184,11.051
NCT04429529,11.051
NCT04420741,11.051
NCT04419610,11.051
NCT04400929,11.051
NCT04397718,11.051
NCT04397510,11.051
NCT04393792,11.051
NCT04392778,11.051
NCT04385849,11.051
NCT04382131,11.051
NCT04373291,11.051
NCT04364737,11.051
NCT04364763,11.051
NCT04362111,11.051
NCT04355767,11.051
NCT04348305,11.051
NCT04347954,11.051
NCT04347538,11.051
NCT04344600,11.051
NCT04335136,11.051
NCT04333368,11.051
NCT04327206,11.051
NCT04326036,11.051
NCT04988035,11.044
NCT04784559,11.044
NCT04583969,11.044
NCT04583956,11.044
NCT05040724,11.044
NCT04978259,11.044
NCT04970719,11.044
NCT04894721,11.044
NCT04885530,11.044
NCT04871633,11.044
NCT04865237,11.044
NCT04853901,11.044
NCT04843761,11.044
NCT04834115,11.044
NCT04784481,11.044
NCT04739410,11.044
NCT04738045,11.044
NCT04729140,11.044
NCT04703608,11.044
NCT04694612,11.044
NCT04693026,11.044
NCT04678739,11.044
NCT04647695,11.044
NCT04646109,11.044
NCT04640168,11.044
NCT04635943,11.044
NCT04632706,11.044
NCT04602507,11.044
NCT04593940,11.044
NCT04560231,11.044
NCT04546581,11.044
NCT04539262,11.044
NCT04529525,11.044
NCT04510194,11.044
NCT04501978,11.044
NCT04492501,11.044
NCT04492475,11.044
NCT04488081,11.044
NCT04482686,11.044
NCT04472585,11.044
NCT04447235,11.044
NCT04445311,11.044
NCT04438850,11.044
NCT04431453,11.044
NCT04429711,11.044
NCT04425707,11.044
NCT04422561,11.044
NCT04410354,11.044
NCT04409262,11.044
NCT04407507,11.044
NCT04405843,11.044
NCT04403555,11.044
NCT04401579,11.044
NCT04399746,11.044
NCT04392713,11.044
NCT04391309,11.044
NCT04390022,11.044
NCT04374019,11.044
NCT04373824,11.044
NCT04351347,11.044
NCT04349410,11.044
NCT04343092,11.044
NCT04330690,11.044
NCT04280705,11.044
NCT04257656,11.044
NCT04701710,11.044
NCT04673214,11.044
NCT04407130,11.044
NCT04729491,11.041
NCT04622891,11.041
NCT04457609,11.041
NCT04381962,11.041
NCT04369365,11.041
NCT04332107,11.041
NCT04390152,11.041
NCT04339426,11.041
NCT04372186,11.04
NCT04871854,11.04
NCT04730323,11.04
NCT04690920,11.04
NCT04600141,11.04
NCT04560205,11.04
NCT04519385,11.04
NCT04476979,11.04
NCT04445272,11.04
NCT04412772,11.04
NCT04403685,11.04
NCT04377750,11.04
NCT04377659,11.04
NCT04370834,11.04
NCT04363853,11.04
NCT04356937,11.04
NCT04346355,11.04
NCT04339712,11.04
NCT04335305,11.04
NCT04335071,11.04
NCT04331808,11.04
NCT04331795,11.04
NCT04320615,11.04
NCT04317092,11.04
NCT04315480,11.04
NCT04310228,11.04
NCT04435717,11.04
NCT05047601,11.032
NCT05011513,11.032
NCT04960202,11.032
NCT04962022,11.032
NCT04499677,11.032
NCT04372628,11.032
NCT04364022,11.032
NCT04345276,11.032
NCT04321174,11.032
NCT04291729,11.032
NCT04276688,11.032
NCT04261270,11.032
NCT04255017,11.032
NCT04252885,11.032
NCT04251871,11.032
NCT05037253,11.025
NCT04868903,11.025
NCT04828538,11.025
NCT04793243,11.025
NCT04621058,11.025
NCT04579640,11.025
NCT04536298,11.025
NCT04483635,11.025
NCT04482673,11.025
NCT04476745,11.025
NCT04476680,11.025
NCT04459247,11.025
NCT04449718,11.025
NCT04411446,11.025
NCT04407286,11.025
NCT04400890,11.025
NCT04385940,11.025
NCT04734886,11.025
NCT04489628,11.025
NCT04945564,11.022
NCT04849598,11.022
NCT04842448,11.022
NCT04800120,11.022
NCT04500626,11.022
NCT04477954,11.022
NCT04477655,11.022
NCT04425031,11.022
NCT04409886,11.022
NCT04395807,11.022
NCT04371601,11.022
NCT04368923,11.022
NCT04358926,11.022
NCT04344730,11.022
NCT04338828,11.022
NCT04336462,11.022
NCT04327505,11.022
NCT04320056,11.022
NCT04772859,11.021
NCT04870385,11.021
NCT04639349,11.021
NCT04621123,11.021
NCT04614844,11.021
NCT04611256,11.021
NCT04609865,11.021
NCT04551781,11.021
NCT04536441,11.021
NCT04445324,11.021
NCT04433546,11.021
NCT04401150,11.021
NCT04390503,11.021
NCT04366180,11.021
NCT04353674,11.021
NCT04344288,11.021
NCT04341415,11.021
NCT04326920,11.021
NCT04495816,11.021
NCT04276896,11.021
NCT05004753,10.027
NCT04909918,10.027
NCT04890626,10.027
NCT04860518,10.027
NCT04836780,10.027
NCT04780581,10.027
NCT04765371,10.027
NCT04746430,10.027
NCT04707534,10.027
NCT04663555,10.027
NCT04636671,10.027
NCT04530409,10.027
NCT04528329,10.027
NCT04513184,10.027
NCT04509973,10.027
NCT04499313,10.027
NCT04327401,10.027
NCT04325061,10.027
NCT04826822,10.027
NCT04452565,10.027
NCT04466241,10.025
NCT04867226,10.022
NCT04818489,10.022
NCT04667780,10.022
NCT04527562,10.022
NCT04516941,10.022
NCT04375202,10.022
NCT04367168,10.022
NCT04360980,10.022
NCT04355143,10.022
NCT04324463,10.022
NCT04322565,10.022
NCT04322682,10.022
NCT04416334,10.022
NCT04646655,10.021
NCT04640181,10.021
NCT04530578,10.021
NCT04528888,10.021
NCT04512079,10.021
NCT04508439,10.021
NCT04492254,10.021
NCT04483960,10.021
NCT04427098,10.021
NCT04409834,10.021
NCT04406389,10.021
NCT04401293,10.021
NCT04400799,10.021
NCT04394377,10.021
NCT04373707,10.021
NCT04367831,10.021
NCT04366960,10.021
NCT04359277,10.021
NCT04354155,10.021
NCT04345848,10.021
NCT04486508,10.021
NCT04826588,10.02
NCT04788407,10.02
NCT04746183,10.02
NCT04561219,10.02
NCT04561063,10.02
NCT04552483,10.02
NCT04523090,10.02
NCT04498936,10.02
NCT04486313,10.02
NCT04463264,10.02
NCT04438980,10.02
NCT04406246,10.02
NCT04382846,10.02
NCT04359680,10.02
NCT04355247,10.02
NCT04348409,10.02
NCT04343729,10.02
NCT04343248,10.02
NCT04341038,10.02
NCT04329650,10.02
NCT04273321,10.02
NCT04263402,10.02
NCT04920838,10.02
NCT04865029,10.02
NCT04707742,10.02
NCT04603729,10.02
NCT04376788,10.02
NCT04842292,10.019
NCT04655586,10.019
NCT04635241,10.019
NCT04505774,10.019
NCT04487990,10.019
NCT04466670,10.019
NCT04372589,10.019
NCT04355728,10.019
NCT04988217,10.018
NCT04682574,10.018
NCT04627467,10.018
NCT04570254,10.018
NCT04530539,10.018
NCT04494399,10.018
NCT04468139,10.018
NCT04465695,10.018
NCT04447534,10.018
NCT04379518,10.018
NCT04357782,10.018
NCT04351295,10.018
NCT04349371,10.018
NCT04344951,10.018
NCT04344184,10.018
NCT04342650,10.018
NCT04331600,10.018
NCT04328493,10.018
NCT04323527,10.018
NCT04323514,10.018
NCT04320238,10.018
NCT04264533,10.018
NCT04878211,10.018
NCT04780061,10.018
NCT04319900,10.018
NCT04254874,10.018
NCT04959786,10.012
NCT04537962,10.012
NCT04441424,10.011
NCT04757857,10.01
NCT04662684,10.01
NCT04504032,10.01
NCT04333407,10.01
NCT04606563,10.008
NCT04340557,10.008
NCT04335123,10.008
NCT04328012,10.008
NCT04312009,10.008
NCT04311177,10.008
NCT04973488,10.007
NCT04685655,10.007
NCT04485169,10.007
NCT04457349,10.007
NCT04374149,10.007
NCT04516915,10.006
NCT04922905,10.005
NCT04604704,10.005
NCT04442152,10.005
NCT04856111,10.004
NCT04607928,10.004
NCT04282902,10.004
NCT05057182,9.013
NCT05000216,9.013
NCT04955626,9.013
NCT04894435,9.013
NCT04889209,9.013
NCT04816669,9.013
NCT04775069,9.013
NCT04754594,9.013
NCT04713553,9.013
NCT04659941,9.013
NCT04649021,9.013
NCT04588480,9.013
NCT04475302,9.013
NCT04461379,9.013
NCT04417335,9.013
NCT04414267,9.013
NCT04384549,9.013
NCT04380701,9.013
NCT04369794,9.013
NCT04368728,9.013
NCT04348370,9.013
NCT04328441,9.013
NCT04421027,9.012
NCT04358614,9.012
NCT04346147,9.012
NCT04321993,9.012
NCT04979949,9.006
NCT04973449,9.006
NCT04942405,9.006
NCT04864561,9.006
NCT04800133,9.006
NCT04754698,9.006
NCT04684446,9.006
NCT04582344,9.006
NCT04568031,9.006
NCT04516746,9.006
NCT04497649,9.006
NCT04460443,9.006
NCT04530422,9.006
NCT04964414,9.005
NCT04840459,9.005
NCT04707664,9.005
NCT04701658,9.005
NCT04656691,9.005
NCT04642950,9.005
NCT04518410,9.005
NCT04510662,9.005
NCT04416399,9.005
NCT04361474,9.005
NCT04360551,9.005
NCT04356495,9.005
NCT04355637,9.005
NCT04962308,9.004
NCT04884685,9.004
NCT04651790,9.004
NCT04508075,9.004
NCT04920942,9.004
NCT04412668,9.004
NCT05019456,8.008
NCT05017805,8.008
NCT05012800,8.008
NCT04977024,8.008
NCT04889274,8.008
NCT04844346,8.008
NCT04838080,8.008
NCT04824391,8.008
NCT04733625,8.007
NCT04636086,8.007
NCT04552951,8.007
NCT04535791,8.007
NCT04502667,8.007
NCT04344041,8.007
NCT04869072,7.109
NCT04836260,7.109
NCT04816942,7.109
NCT04747158,7.109
NCT04730401,7.109
NCT04721236,7.109
NCT04716556,7.109
NCT04712344,7.109
NCT04600440,7.109
NCT04569188,7.109
NCT04567173,7.109
NCT04565197,7.109
NCT04554992,7.109
NCT04547660,7.109
NCT04542941,7.109
NCT04539275,7.109
NCT04535063,7.109
NCT04530370,7.109
NCT04528368,7.109
NCT04524507,7.109
NCT04516954,7.109
NCT04513158,7.109
NCT04502472,7.109
NCT04497324,7.109
NCT04479163,7.109
NCT04476888,7.109
NCT04468009,7.109
NCT04456413,7.109
NCT04442958,7.109
NCT04442191,7.109
NCT04433910,7.109
NCT04434131,7.109
NCT04432272,7.109
NCT04421404,7.109
NCT04415086,7.109
NCT04412486,7.109
NCT04408209,7.109
NCT04408040,7.109
NCT04407208,7.109
NCT04405310,7.109
NCT04403477,7.109
NCT04397757,7.109
NCT04397523,7.109
NCT04393727,7.109
NCT04392414,7.109
NCT04392232,7.109
NCT04390178,7.109
NCT04389944,7.109
NCT04389710,7.109
NCT04388410,7.109
NCT04388527,7.109
NCT04385199,7.109
NCT04384497,7.109
NCT04384588,7.109
NCT04383535,7.109
NCT04381858,7.109
NCT04377672,7.109
NCT04375098,7.109
NCT04374565,7.109
NCT04374526,7.109
NCT04373460,7.109
NCT04362176,7.109
NCT04361253,7.109
NCT04359810,7.109
NCT04357106,7.109
NCT04356482,7.109
NCT04355897,7.109
NCT04354831,7.109
NCT04353206,7.109
NCT04352751,7.109
NCT04348656,7.109
NCT04347681,7.109
NCT04346446,7.109
NCT04345991,7.109
NCT04345289,7.109
NCT04345679,7.109
NCT04344535,7.109
NCT04343755,7.109
NCT04343261,7.109
NCT04342182,7.109
NCT04340050,7.109
NCT04333355,7.109
NCT04327349,7.109
NCT04323800,7.109
NCT04321421,7.109
NCT04634422,7.109
NCT04650087,7.006
NCT04801940,7.006
NCT04792021,7.006
NCT04746339,7.006
NCT04703036,7.006
NCT04545008,7.006
NCT04498273,7.006
NCT04419025,7.006
NCT04374461,7.006
NCT04788355,7.006
NCT04793984,7.004
NCT04542967,7.004
NCT04541979,7.004
NCT04537663,7.004
NCT04412785,7.004
NCT04379336,7.004
NCT04816643,7.004
NCT04550351,7.004
NCT04375124,7.004
NCT04911790,7.003
NCT04806074,7.003
NCT04756830,7.003
NCT04747821,7.003
NCT04721457,7.003
NCT04570397,7.003
NCT04456595,7.003
NCT04456153,7.003
NCT04415060,7.003
NCT04409873,7.003
NCT04369469,7.003
NCT04368377,7.003
NCT04359862,7.003
NCT04355962,7.003
NCT04992260,7.002
NCT04953325,7.002
NCT04816682,7.002
NCT04540185,7.002
NCT04411667,7.002
NCT04400058,7.002
NCT04394208,7.002
NCT04360824,7.002
NCT04445428,7.002
NCT04818320,6.031
NCT04600999,6.031
NCT04600895,6.031
NCT04558463,6.031
NCT04464408,6.031
NCT04448119,6.031
NCT04445467,6.031
NCT04336904,6.031
NCT04333589,6.031
NCT04475991,6.031
NCT04332380,6.016
NCT04365439,6.016
NCT04358783,6.016
NCT04344015,6.016
NCT04428021,6.016
NCT04730206,6.015
NCT04662086,6.015
NCT04662073,6.015
NCT04652765,6.015
NCT04625114,6.015
NCT04583592,6.015
NCT04530617,6.015
NCT04455815,6.015
NCT04353284,6.015
NCT04321096,6.015
NCT04999111,6.011
NCT04908722,6.011
NCT04894305,6.011
NCT04765384,6.011
NCT04614948,6.011
NCT04535453,6.011
NCT04509947,6.011
NCT04505722,6.011
NCT04477993,6.011
NCT04436276,6.011
NCT04377620,6.011
NCT04362137,6.011
NCT04359290,6.011
NCT04338958,6.011
NCT04334044,6.011
NCT04331665,6.011
NCT04927065,6.01
NCT04860297,6.01
NCT04847050,6.01
NCT04813796,6.01
NCT04796896,6.01
NCT04785144,6.01
NCT04649151,6.01
NCT04470427,6.01
NCT04283461,6.01
NCT04758273,6.008
NCT04756323,6.008
NCT04659239,6.008
NCT04560881,6.008
NCT04510207,6.008
NCT04470609,6.008
NCT04412538,6.008
NCT04352608,6.008
NCT04932915,6.006
NCT04870333,6.006
NCT04858425,6.006
NCT04840992,6.006
NCT04784754,6.006
NCT04644705,6.006
NCT04642638,6.006
NCT04603924,6.006
NCT04566770,6.006
NCT04540419,6.006
NCT04526990,6.006
NCT04474483,6.006
NCT04447781,6.006
NCT04410159,6.006
NCT04399356,6.006
NCT04371965,6.006
NCT04364802,6.006
NCT04353128,6.006
NCT04341389,6.006
NCT04336410,6.006
NCT04313127,6.006
NCT04852978,6.006
NCT04666441,6.006
NCT04519437,6.006
NCT04452318,6.006
NCT04426695,6.006
NCT04425629,6.006
NCT05037240,6.005
NCT04853199,6.005
NCT04851821,6.005
NCT04724720,6.005
NCT04634409,6.005
NCT04621149,6.005
NCT04504240,6.005
NCT04497987,6.005
NCT04427501,6.005
NCT04411628,6.005
NCT04380402,6.005
NCT04377789,6.005
NCT04631536,6.005
NCT04816019,6.004
NCT04405999,6.004
NCT04400838,6.004
NCT04324606,6.004
NCT04273763,6.004
NCT05007678,6.003
NCT04870164,6.003
NCT04834856,6.003
NCT04828161,6.003
NCT04532372,6.003
NCT04523571,6.003
NCT04451174,6.003
NCT04361214,6.003
NCT05043259,6.002
NCT04892459,6.002
NCT04705831,6.002
NCT04645407,6.002
NCT04530136,6.002
NCT04521322,6.002
NCT04279197,6.002
NCT05049213,6.002
NCT04680949,5.014
NCT04462757,5.014
NCT04443881,5.014
NCT04357366,5.014
NCT04341584,5.014
NCT04324021,5.014
NCT04364009,5.014
NCT05007457,5.013
NCT04794374,5.013
NCT04767477,5.013
NCT04492527,5.013
NCT04368845,5.013
NCT04348864,5.013
NCT04346927,5.013
NCT04334434,5.013
NCT04325867,5.013
NCT04745442,5.01
NCT04565665,5.01
NCT04459325,5.01
NCT04439006,5.01
NCT04433949,5.01
NCT04357860,5.01
NCT04952766,5.008
NCT04661527,5.008
NCT04455308,5.008
NCT04402918,5.008
NCT04387955,5.008
NCT04361396,5.008
NCT04359901,5.008
NCT04355234,5.008
NCT04354610,5.008
NCT04328129,5.008
NCT04327388,5.008
NCT04324073,5.008
NCT04315298,5.008
NCT04640233,5.007
NCT04587219,5.007
NCT04564716,5.007
NCT04530396,5.007
NCT04436471,5.007
NCT04983537,5.007
NCT04962906,5.007
NCT04967430,5.006
NCT04727424,5.006
NCT04678830,5.006
NCT04628143,5.006
NCT04623021,5.006
NCT04534725,5.006
NCT04432987,5.006
NCT04402944,5.006
NCT04390594,5.006
NCT04359654,5.006
NCT04354259,5.006
NCT04352400,5.006
NCT04347239,5.006
NCT04343976,5.006
NCT04343651,5.006
NCT04331899,5.006
NCT04718480,5.005
NCT04545060,5.005
NCT04913675,5.005
NCT04668950,5.005
NCT04622865,5.005
NCT04475588,5.005
NCT04435795,5.005
NCT04381364,5.005
NCT04377711,5.005
NCT04342663,5.005
NCT04330586,5.005
NCT04870593,5.004
NCT04492514,5.004
NCT04463004,5.004
NCT04461925,5.004
NCT04447469,5.004
NCT04444700,5.004
NCT04428099,5.004
NCT04399980,5.004
NCT04368988,5.004
NCT04362085,5.004
NCT04611802,5.004
NCT04583995,5.004
NCT04536051,5.004
NCT04533399,5.004
NCT05021016,5.003
NCT04956224,5.003
NCT04948203,5.003
NCT04811664,5.003
NCT04806113,5.003
NCT04787211,5.003
NCT04780035,5.003
NCT04761822,5.003
NCT04750317,5.003
NCT04732949,5.003
NCT04731116,5.003
NCT04671017,5.003
NCT04629703,5.003
NCT04579393,5.003
NCT04527575,5.003
NCT04510493,5.003
NCT04504877,5.003
NCT04469114,5.003
NCT04468087,5.003
NCT04467918,5.003
NCT04461340,5.003
NCT04425538,5.003
NCT04415151,5.003
NCT04385095,5.003
NCT04365153,5.003
NCT04362813,5.003
NCT04341675,5.003
NCT04790786,5.003
NCT05005559,5.002
NCT04944368,5.002
NCT04924660,5.002
NCT04928430,5.002
NCT04842747,5.002
NCT04771000,5.002
NCT04715360,5.002
NCT04701528,5.002
NCT04586153,5.002
NCT04529499,5.002
NCT04500418,5.002
NCT04488575,5.002
NCT04472494,5.002
NCT04467840,5.002
NCT04453384,5.002
NCT04422509,5.002
NCT04414618,5.002
NCT04401202,5.002
NCT04401423,5.002
NCT04394416,5.002
NCT04394117,5.002
NCT04388826,5.002
NCT04382768,5.002
NCT04379271,5.002
NCT04374591,5.002
NCT04349098,5.002
NCT04334629,5.002
NCT04275245,5.002
NCT04780321,5.002
NCT04553705,5.002
NCT04351581,5.002
NCT04865107,4.033
NCT04713878,4.033
NCT04615429,4.033
NCT04494386,4.033
NCT04466098,4.033
NCT04456361,4.033
NCT04445454,4.033
NCT04444271,4.033
NCT04437823,4.033
NCT04416139,4.033
NCT04400032,4.033
NCT04397796,4.033
NCT04393415,4.033
NCT04366323,4.033
NCT04361942,4.033
NCT04362189,4.033
NCT04349631,4.033
NCT04348435,4.033
NCT04345601,4.033
NCT04339660,4.033
NCT04336254,4.033
NCT04313322,4.033
NCT04288102,4.033
NCT04276987,4.033
NCT04269525,4.033
NCT04252118,4.033
NCT04723394,4.006
NCT04625972,4.006
NCT04625725,4.006
NCT04507256,4.006
NCT04365309,4.005
NCT04853927,4.004
NCT04728802,4.004
NCT04497948,4.004
NCT04380688,4.004
NCT04346199,4.004
NCT04890483,4.003
NCT04876417,4.003
NCT04860258,4.003
NCT04780152,4.003
NCT04681001,4.003
NCT04674189,4.003
NCT04619719,4.003
NCT04610801,4.003
NCT04591210,4.003
NCT04449276,4.003
NCT04394793,4.003
NCT04358809,4.003
NCT04353518,4.003
NCT04347174,4.003
NCT04344431,4.003
NCT04332081,4.003
NCT04376476,4.003
NCT04364893,4.003
NCT04357990,4.003
NCT04338009,4.003
NCT04969250,4.002
NCT04961359,4.002
NCT04952805,4.002
NCT04952402,4.002
NCT04932850,4.002
NCT04930861,4.002
NCT04894227,4.002
NCT04869358,4.002
NCT04802382,4.002
NCT04791423,4.002
NCT04646590,4.002
NCT04644185,4.002
NCT04636697,4.002
NCT04619680,4.002
NCT04593641,4.002
NCT04535167,4.002
NCT04528641,4.002
NCT04483375,4.002
NCT04450004,4.002
NCT04449588,4.002
NCT04382066,4.002
NCT04364828,4.002
NCT04602000,4.002
NCT05037266,4.001
NCT05022472,4.001
NCT04988282,4.001
NCT04981314,4.001
NCT04973462,4.001
NCT04952857,4.001
NCT04885907,4.001
NCT04863638,4.001
NCT04852861,4.001
NCT04833101,4.001
NCT04830943,4.001
NCT04811339,4.001
NCT04809974,4.001
NCT04801888,4.001
NCT04792567,4.001
NCT04790851,4.001
NCT04789356,4.001
NCT04780659,4.001
NCT04769297,4.001
NCT04760132,4.001
NCT04748588,4.001
NCT04726098,4.001
NCT04710381,4.001
NCT04709172,4.001
NCT04639375,4.001
NCT04621461,4.001
NCT04609423,4.001
NCT04604223,4.001
NCT04603794,4.001
NCT04584580,4.001
NCT04559074,4.001
NCT04558125,4.001
NCT04479202,4.001
NCT04473274,4.001
NCT04377308,4.001
NCT04353596,4.001
NCT04335786,4.001
NCT04308317,4.001
NCT04972864,3.024
NCT05024474,3.024
NCT04982887,3.024
NCT04842734,3.024
NCT04841759,3.024
NCT04718506,3.024
NCT04673318,3.024
NCT04615052,3.024
NCT04595773,3.024
NCT04549337,3.024
NCT04514705,3.024
NCT04473898,3.024
NCT04458246,3.024
NCT04445376,3.024
NCT04425616,3.024
NCT04425005,3.024
NCT04420806,3.024
NCT04412343,3.024
NCT04382729,3.024
NCT04381000,3.024
NCT04335851,3.024
NCT04666558,3.024
NCT04904783,3.011
NCT04598581,3.011
NCT04572412,3.011
NCT04534790,3.011
NCT04466683,3.011
NCT04427566,3.011
NCT04420390,3.011
NCT04390412,3.011
NCT04476992,3.008
NCT04388683,3.008
NCT04383002,3.008
NCT04337918,3.008
NCT04312243,3.008
NCT04305457,3.008
NCT04306393,3.008
NCT04880161,3.005
NCT04868890,3.005
NCT04382586,3.005
NCT04365101,3.005
NCT04363346,3.005
NCT04324996,3.005
NCT04280224,3.005
NCT04578210,3.005
NCT05004805,3.004
NCT04888949,3.004
NCT04652115,3.004
NCT04635605,3.004
NCT04530604,3.004
NCT04522986,3.004
NCT04462627,3.004
NCT04405544,3.004
NCT04390477,3.004
NCT04366882,3.004
NCT04355351,3.004
NCT04335201,3.004
NCT05009563,3.004
NCT04996238,3.004
NCT04941703,3.004
NCT04933864,3.004
NCT04685512,3.004
NCT04348383,3.004
NCT05007496,3.003
NCT04967742,3.003
NCT04954014,3.003
NCT04939428,3.003
NCT04922957,3.003
NCT04907331,3.003
NCT04877769,3.003
NCT04860739,3.003
NCT04799743,3.003
NCT04773067,3.003
NCT04767087,3.003
NCT04709835,3.003
NCT04690387,3.003
NCT04685603,3.003
NCT04590053,3.003
NCT04575597,3.003
NCT04575584,3.003
NCT04569383,3.003
NCT04545749,3.003
NCT04542993,3.003
NCT04513470,3.003
NCT04439045,3.003
NCT04435522,3.003
NCT04435379,3.003
NCT04405739,3.003
NCT04405570,3.003
NCT04396106,3.003
NCT04392219,3.003
NCT04387409,3.003
NCT04350580,3.003
NCT04347382,3.003
NCT04305106,3.003
NCT04275414,3.003
NCT04980534,3.003
NCT04547634,3.003
NCT04407182,3.003
NCT04990544,3.002
NCT04982068,3.002
NCT04966013,3.002
NCT04951323,3.002
NCT04940182,3.002
NCT04915989,3.002
NCT04910269,3.002
NCT04878055,3.002
NCT04859517,3.002
NCT04842331,3.002
NCT04810637,3.002
NCT04805125,3.002
NCT04730856,3.002
NCT04730427,3.002
NCT04715997,3.002
NCT04701606,3.002
NCT04691908,3.002
NCT04662671,3.002
NCT04578158,3.002
NCT04570384,3.002
NCT04549376,3.002
NCT04497389,3.002
NCT04496245,3.002
NCT04487574,3.002
NCT04478019,3.002
NCT04466085,3.002
NCT04445194,3.002
NCT04405076,3.002
NCT04404426,3.002
NCT04402866,3.002
NCT04372602,3.002
NCT04369820,3.002
NCT04360096,3.002
NCT04350593,3.002
NCT04350736,3.002
NCT04319731,3.002
NCT04303299,3.002
NCT04872686,3.002
NCT04551768,3.002
NCT05055427,3.001
NCT05054322,3.001
NCT05019326,3.001
NCT05017792,3.001
NCT05012319,3.001
NCT05002517,3.001
NCT04997551,3.001
NCT04979221,3.001
NCT04978207,3.001
NCT04964583,3.001
NCT04954092,3.001
NCT04952519,3.001
NCT04951362,3.001
NCT04922788,3.001
NCT04918797,3.001
NCT04913779,3.001
NCT04909905,3.001
NCT04904549,3.001
NCT04904471,3.001
NCT04901676,3.001
NCT04891172,3.001
NCT04889040,3.001
NCT04885764,3.001
NCT04883203,3.001
NCT04873414,3.001
NCT04871828,3.001
NCT04871815,3.001
NCT04870606,3.001
NCT04858620,3.001
NCT04854759,3.001
NCT04854486,3.001
NCT04847518,3.001
NCT04847661,3.001
NCT04847141,3.001
NCT04842435,3.001
NCT04838821,3.001
NCT04838795,3.001
NCT04836052,3.001
NCT04822701,3.001
NCT04817332,3.001
NCT04813471,3.001
NCT04810728,3.001
NCT04800224,3.001
NCT04795557,3.001
NCT04780672,3.001
NCT04762680,3.001
NCT04756271,3.001
NCT04750278,3.001
NCT04729595,3.001
NCT04723537,3.001
NCT04716569,3.001
NCT04713176,3.001
NCT04707703,3.001
NCT04705753,3.001
NCT04695197,3.001
NCT04682873,3.001
NCT04681053,3.001
NCT04672564,3.001
NCT04669015,3.001
NCT04668235,3.001
NCT04657497,3.001
NCT04655716,3.001
NCT04655625,3.001
NCT04652102,3.001
NCT04641195,3.001
NCT04641481,3.001
NCT04640038,3.001
NCT04636034,3.001
NCT04617483,3.001
NCT04615949,3.001
NCT04612972,3.001
NCT04610541,3.001
NCT04608266,3.001
NCT04608201,3.001
NCT04604327,3.001
NCT04603781,3.001
NCT04598594,3.001
NCT04591015,3.001
NCT04589949,3.001
NCT04588792,3.001
NCT04584567,3.001
NCT04583410,3.001
NCT04581915,3.001
NCT04577534,3.001
NCT04558021,3.001
NCT04552379,3.001
NCT04545541,3.001
NCT04542213,3.001
NCT04542408,3.001
NCT04541680,3.001
NCT04537806,3.001
NCT04535869,3.001
NCT04511819,3.001
NCT04504734,3.001
NCT04501952,3.001
NCT04500067,3.001
NCT04494984,3.001
NCT04493359,3.001
NCT04494204,3.001
NCT04484493,3.001
NCT04483830,3.001
NCT04475120,3.001
NCT04472728,3.001
NCT04468646,3.001
NCT04460651,3.001
NCT04442048,3.001
NCT04432103,3.001
NCT04429334,3.001
NCT04421508,3.001
NCT04410510,3.001
NCT04404361,3.001
NCT04402970,3.001
NCT04397562,3.001
NCT04395105,3.001
NCT04393818,3.001
NCT04393038,3.001
NCT04389840,3.001
NCT04386850,3.001
NCT04382924,3.001
NCT04381377,3.001
NCT04380519,3.001
NCT04372979,3.001
NCT04371978,3.001
NCT04371393,3.001
NCT04370236,3.001
NCT04367077,3.001
NCT04366063,3.001
NCT04363814,3.001
NCT04357457,3.001
NCT04351763,3.001
NCT04346615,3.001
NCT04343963,3.001
NCT04342689,3.001
NCT04341116,3.001
NCT04333732,3.001
NCT04329195,3.001
NCT04326426,3.001
NCT04323228,3.001
NCT04317040,3.001
NCT04304313,3.001
NCT04252274,3.001
NCT04377100,2.017
NCT04936503,2.017
NCT04798053,2.017
NCT04776941,2.017
NCT04591613,2.017
NCT04581746,2.017
NCT04561154,2.017
NCT04554264,2.017
NCT04542031,2.017
NCT04527432,2.017
NCT04513990,2.017
NCT04487171,2.017
NCT04482647,2.017
NCT04378738,2.017
NCT04363606,2.017
NCT04348929,2.017
NCT04306055,2.017
NCT04659772,2.006
NCT04494724,2.006
NCT04381052,2.006
NCT04363502,2.006
NCT04348500,2.006
NCT04343989,2.006
NCT05048849,2.004
NCT05038618,2.004
NCT04951388,2.004
NCT04695652,2.004
NCT04927169,2.003
NCT04771611,2.003
NCT04756128,2.003
NCT04748783,2.003
NCT04679415,2.003
NCT04679350,2.003
NCT04676971,2.003
NCT04537299,2.003
NCT04476953,2.003
NCT04407689,2.003
NCT04379076,2.003
NCT04365985,2.003
NCT05037188,2.002
NCT04993209,2.002
NCT04951336,2.002
NCT04933799,2.002
NCT04911777,2.002
NCT04903184,2.002
NCT04891302,2.002
NCT04864548,2.002
NCT04818216,2.002
NCT04771351,2.002
NCT04750343,2.002
NCT04742738,2.002
NCT04742725,2.002
NCT04734860,2.002
NCT04724538,2.002
NCT04668209,2.002
NCT04667247,2.002
NCT04662060,2.002
NCT04647604,2.002
NCT04631666,2.002
NCT04631705,2.002
NCT04614025,2.002
NCT04602442,2.002
NCT04594343,2.002
NCT04588428,2.002
NCT04584710,2.002
NCT04575038,2.002
NCT04575610,2.002
NCT04569227,2.002
NCT04565379,2.002
NCT04551547,2.002
NCT04536350,2.002
NCT04530357,2.002
NCT04515147,2.002
NCT04502433,2.002
NCT04500132,2.002
NCT04491240,2.002
NCT04487886,2.002
NCT04487444,2.002
NCT04485130,2.002
NCT04484025,2.002
NCT04483973,2.002
NCT04475107,2.002
NCT04445246,2.002
NCT04443673,2.002
NCT04442178,2.002
NCT04428008,2.002
NCT04426201,2.002
NCT04424901,2.002
NCT04414371,2.002
NCT04409327,2.002
NCT04407390,2.002
NCT04404218,2.002
NCT04391179,2.002
NCT04389450,2.002
NCT04383574,2.002
NCT04382755,2.002
NCT04375397,2.002
NCT04371367,2.002
NCT04366908,2.002
NCT04347915,2.002
NCT04313023,2.002
NCT04312997,2.002
NCT04967794,2.002
NCT04798599,2.002
NCT04416113,2.002
NCT05047952,2.001
NCT05046548,2.001
NCT05043324,2.001
NCT05017493,2.001
NCT05007509,2.001
NCT05005156,2.001
NCT05037097,2.001
NCT05028374,2.001
NCT05027672,2.001
NCT05019287,2.001
NCT05010876,2.001
NCT04993586,2.001
NCT04992182,2.001
NCT04977479,2.001
NCT04969991,2.001
NCT04969276,2.001
NCT04969263,2.001
NCT04969172,2.001
NCT04961541,2.001
NCT04962893,2.001
NCT04960215,2.001
NCT04954469,2.001
NCT04951349,2.001
NCT04930003,2.001
NCT04920916,2.001
NCT04914377,2.001
NCT04902183,2.001
NCT04900415,2.001
NCT04900428,2.001
NCT04900337,2.001
NCT04899232,2.001
NCT04895449,2.001
NCT04885491,2.001
NCT04883528,2.001
NCT04880694,2.001
NCT04869592,2.001
NCT04869397,2.001
NCT04863131,2.001
NCT04860284,2.001
NCT04858451,2.001
NCT04854928,2.001
NCT04849637,2.001
NCT04847544,2.001
NCT04847583,2.001
NCT04846010,2.001
NCT04845971,2.001
NCT04844580,2.001
NCT04843930,2.001
NCT04830800,2.001
NCT04830020,2.001
NCT04828135,2.001
NCT04824638,2.001
NCT04822025,2.001
NCT04821674,2.001
NCT04813562,2.001
NCT04810689,2.001
NCT04808284,2.001
NCT04808882,2.001
NCT04805086,2.001
NCT04801836,2.001
NCT04798027,2.001
NCT04794088,2.001
NCT04789499,2.001
NCT04788459,2.001
NCT04780685,2.001
NCT04779879,2.001
NCT04778059,2.001
NCT04776044,2.001
NCT04773665,2.001
NCT04771013,2.001
NCT04770740,2.001
NCT04760821,2.001
NCT04753476,2.001
NCT04753619,2.001
NCT04748757,2.001
NCT04743401,2.001
NCT04723524,2.001
NCT04716998,2.001
NCT04715932,2.001
NCT04715763,2.001
NCT04713488,2.001
NCT04712110,2.001
NCT04708340,2.001
NCT04705597,2.001
NCT04703205,2.001
NCT04681092,2.001
NCT04677660,2.001
NCT04676867,2.001
NCT04674566,2.001
NCT04673149,2.001
NCT04668339,2.001
NCT04666012,2.001
NCT04661540,2.001
NCT04659109,2.001
NCT04657809,2.001
NCT04652518,2.001
NCT04646603,2.001
NCT04644198,2.001
NCT04643691,2.001
NCT04643561,2.001
NCT04638673,2.001
NCT04640402,2.001
NCT04637828,2.001
NCT04634799,2.001
NCT04633772,2.001
NCT04627584,2.001
NCT04625985,2.001
NCT04623671,2.001
NCT04623255,2.001
NCT04622826,2.001
NCT04619706,2.001
NCT04618042,2.001
NCT04611425,2.001
NCT04610567,2.001
NCT04610502,2.001
NCT04608305,2.001
NCT04605887,2.001
NCT04604184,2.001
NCT04601077,2.001
NCT04594668,2.001
NCT04594330,2.001
NCT04591184,2.001
NCT04590547,2.001
NCT04582318,2.001
NCT04576728,2.001
NCT04569877,2.001
NCT04568863,2.001
NCT04565249,2.001
NCT04563208,2.001
NCT04555096,2.001
NCT04555148,2.001
NCT04551911,2.001
NCT04551898,2.001
NCT04550325,2.001
NCT04540406,2.001
NCT04540120,2.001
NCT04539795,2.001
NCT04537949,2.001
NCT04537351,2.001
NCT04537208,2.001
NCT04535674,2.001
NCT04534673,2.001
NCT04533347,2.001
NCT04527471,2.001
NCT04528667,2.001
NCT04527354,2.001
NCT04527081,2.001
NCT04522830,2.001
NCT04523181,2.001
NCT04521309,2.001
NCT04517162,2.001
NCT04516759,2.001
NCT04516837,2.001
NCT04511923,2.001
NCT04511650,2.001
NCT04505592,2.001
NCT04498377,2.001
NCT04498247,2.001
NCT04494646,2.001
NCT04493242,2.001
NCT04489446,2.001
NCT04482699,2.001
NCT04482621,2.001
NCT04482595,2.001
NCT04481685,2.001
NCT04480957,2.001
NCT04478071,2.001
NCT04475601,2.001
NCT04473690,2.001
NCT04473261,2.001
NCT04471519,2.001
NCT04470622,2.001
NCT04470531,2.001
NCT04469491,2.001
NCT04463472,2.001
NCT04458298,2.001
NCT04457726,2.001
NCT04452669,2.001
NCT04452435,2.001
NCT04448756,2.001
NCT04447404,2.001
NCT04446377,2.001
NCT04445220,2.001
NCT04442230,2.001
NCT04437875,2.001
NCT04438057,2.001
NCT04432298,2.001
NCT04429555,2.001
NCT04420299,2.001
NCT04417257,2.001
NCT04414631,2.001
NCT04412057,2.001
NCT04412018,2.001
NCT04409509,2.001
NCT04408183,2.001
NCT04403269,2.001
NCT04402957,2.001
NCT04402060,2.001
NCT04399889,2.001
NCT04398004,2.001
NCT04390139,2.001
NCT04389671,2.001
NCT04386616,2.001
NCT04384731,2.001
NCT04384445,2.001
NCT04382651,2.001
NCT04382040,2.001
NCT04380532,2.001
NCT04378920,2.001
NCT04365699,2.001
NCT04366050,2.001
NCT04363736,2.001
NCT04359329,2.001
NCT04356833,2.001
NCT04357730,2.001
NCT04358406,2.001
NCT04357444,2.001
NCT04356690,2.001
NCT04351243,2.001
NCT04348513,2.001
NCT04347226,2.001
NCT04346797,2.001
NCT04345614,2.001
NCT04342897,2.001
NCT04338074,2.001
NCT04334460,2.001
NCT04333550,2.001
NCT04333472,2.001
NCT04331613,2.001
NCT05011344,1.029
NCT05000307,1.029
NCT05033158,1.029
NCT04703114,1.029
NCT04636320,1.029
NCT04568707,1.029
NCT04563650,1.029
NCT04490850,1.029
NCT04441684,1.029
NCT04429594,1.029
NCT04425317,1.029
NCT04420338,1.029
NCT04408131,1.029
NCT04385108,1.029
NCT04373200,1.029
NCT04371510,1.029
NCT04369456,1.029
NCT04369066,1.029
NCT04367662,1.029
NCT04361344,1.029
NCT04352348,1.029
NCT04337008,1.029
NCT04304690,1.029
NCT04376840,1.029
NCT04350723,1.021
NCT05008380,1.021
NCT04853979,1.021
NCT04754113,1.021
NCT04589936,1.021
NCT04543760,1.021
NCT04517123,1.021
NCT04424797,1.021
NCT04402879,1.021
NCT04391140,1.021
NCT04383613,1.021
NCT04366856,1.021
NCT04363463,1.021
NCT04358939,1.021
NCT04344106,1.021
NCT04325906,1.021
NCT04939402,1.015
NCT04935528,1.015
NCT04880174,1.015
NCT04816084,1.015
NCT04492410,1.015
NCT04442087,1.015
NCT04426292,1.015
NCT04363593,1.015
NCT04355533,1.015
NCT04341142,1.015
NCT04527614,1.015
NCT04487639,1.015
NCT04392323,1.015
NCT04872075,1.009
NCT04567953,1.009
NCT04557046,1.009
NCT04367545,1.009
NCT04859023,1.009
NCT04899245,1.007
NCT04895085,1.007
NCT04703140,1.007
NCT04613310,1.007
NCT04604977,1.007
NCT04555005,1.007
NCT04460690,1.007
NCT04413968,1.007
NCT04410536,1.007
NCT04394013,1.007
NCT04389372,1.007
NCT04846790,1.007
NCT04864899,1.006
NCT04584541,1.006
NCT04563676,1.006
NCT04416308,1.006
NCT04397666,1.005
NCT04387253,1.005
NCT04360811,1.005
NCT04334850,1.005
NCT04444596,1.005
NCT04982042,1.004
NCT04881214,1.004
NCT04834726,1.004
NCT04751617,1.004
NCT04715243,1.004
NCT04642040,1.004
NCT04609462,1.004
NCT04560257,1.004
NCT04490473,1.004
NCT04470869,1.004
NCT04406181,1.004
NCT04401046,1.004
NCT04386798,1.004
NCT04958863,1.003
NCT04923061,1.003
NCT04854798,1.003
NCT04849793,1.003
NCT04803409,1.003
NCT04800939,1.003
NCT04771585,1.003
NCT04716647,1.003
NCT04701489,1.003
NCT04629989,1.003
NCT04431180,1.003
NCT04410458,1.003
NCT04374786,1.003
NCT04370886,1.003
NCT04345549,1.003
NCT04329533,1.003
NCT04326075,1.003
NCT04732468,1.003
NCT04718220,1.003
NCT04710303,1.003
NCT04591717,1.003
NCT04511949,1.003
NCT04412330,1.003
NCT04393961,1.003
NCT04386291,1.003
NCT04318431,1.003
NCT05055505,1.002
NCT05055492,1.002
NCT05038514,1.002
NCT05032885,1.002
NCT04959760,1.002
NCT04950803,1.002
NCT04939714,1.002
NCT04939519,1.002
NCT04939532,1.002
NCT04932824,1.002
NCT04910230,1.002
NCT04896853,1.002
NCT04896840,1.002
NCT04884776,1.002
NCT04878809,1.002
NCT04858412,1.002
NCT04854941,1.002
NCT04847479,1.002
NCT04844658,1.002
NCT04828668,1.002
NCT04817371,1.002
NCT04815096,1.002
NCT04799392,1.002
NCT04797858,1.002
NCT04785898,1.002
NCT04758962,1.002
NCT04751604,1.002
NCT04749173,1.002
NCT04749121,1.002
NCT04730284,1.002
NCT04723446,1.002
NCT04720794,1.002
NCT04720235,1.002
NCT04698993,1.002
NCT04690413,1.002
NCT04658433,1.002
NCT04655638,1.002
NCT04643964,1.002
NCT04637906,1.002
NCT04631380,1.002
NCT04627519,1.002
NCT04614883,1.002
NCT04609969,1.002
NCT04608097,1.002
NCT04602312,1.002
NCT04602286,1.002
NCT04589117,1.002
NCT04589104,1.002
NCT04582214,1.002
NCT04581161,1.002
NCT04581018,1.002
NCT04541485,1.002
NCT04530656,1.002
NCT04518969,1.002
NCT04517422,1.002
NCT04508868,1.002
NCT04497272,1.002
NCT04486482,1.002
NCT04483752,1.002
NCT04483271,1.002
NCT04478539,1.002
NCT04475575,1.002
NCT04475562,1.002
NCT04471766,1.002
NCT04466605,1.002
NCT04463433,1.002
NCT04460014,1.002
NCT04457388,1.002
NCT04456062,1.002
NCT04454606,1.002
NCT04432051,1.002
NCT04427137,1.002
NCT04423991,1.002
NCT04414124,1.002
NCT04405908,1.002
NCT04402983,1.002
NCT04399681,1.002
NCT04397692,1.002
NCT04394455,1.002
NCT04390516,1.002
NCT04387292,1.002
NCT04385810,1.002
NCT04384965,1.002
NCT04385017,1.002
NCT04382378,1.002
NCT04379661,1.002
NCT04379531,1.002
NCT04379154,1.002
NCT04376593,1.002
NCT04368156,1.002
NCT04366817,1.002
NCT04364594,1.002
NCT04361838,1.002
NCT04361526,1.002
NCT04358003,1.002
NCT04351789,1.002
NCT04346420,1.002
NCT04344080,1.002
NCT04338568,1.002
NCT04700137,1.002
NCT04324528,1.002
NCT05057923,1.001
NCT04809389,1.001
NCT04710316,1.001
NCT04362358,1.001
NCT05054114,1.001
NCT05050201,1.001
NCT05050474,1.001
NCT05047692,1.001
NCT05045989,1.001
NCT05042141,1.001
NCT05040737,1.001
NCT05035550,1.001
NCT05035524,1.001
NCT05035186,1.001
NCT05033860,1.001
NCT05027815,1.001
NCT05021588,1.001
NCT05012267,1.001
NCT05009186,1.001
NCT05007600,1.001
NCT05002348,1.001
NCT05000255,1.001
NCT05037448,1.001
NCT05035628,1.001
NCT05035576,1.001
NCT05035563,1.001
NCT05028244,1.001
NCT05024500,1.001
NCT05024461,1.001
NCT05018078,1.001
NCT05018065,1.001
NCT05001542,1.001
NCT05000008,1.001
NCT04998708,1.001
NCT04998253,1.001
NCT04993547,1.001
NCT04992390,1.001
NCT04992000,1.001
NCT04990531,1.001
NCT04987554,1.001
NCT04982757,1.001
NCT04981743,1.001
NCT04980508,1.001
NCT04979923,1.001
NCT04979858,1.001
NCT04974203,1.001
NCT04977921,1.001
NCT04978025,1.001
NCT04970563,1.001
NCT04967807,1.001
NCT04961333,1.001
NCT04967755,1.001
NCT04967729,1.001
NCT04966910,1.001
NCT04964154,1.001
NCT04961502,1.001
NCT04960228,1.001
NCT04957017,1.001
NCT04954157,1.001
NCT04954118,1.001
NCT04954287,1.001
NCT04953234,1.001
NCT04952376,1.001
NCT04951310,1.001
NCT04950725,1.001
NCT04947488,1.001
NCT04945811,1.001
NCT04945356,1.001
NCT04942990,1.001
NCT04942392,1.001
NCT04941183,1.001
NCT04936893,1.001
NCT04939415,1.001
NCT04936997,1.001
NCT04935515,1.001
NCT04935502,1.001
NCT04935437,1.001
NCT04927845,1.001
NCT04933929,1.001
NCT04932369,1.001
NCT04931238,1.001
NCT04930874,1.001
NCT04929691,1.001
NCT04928456,1.001
NCT04927182,1.001
NCT04926779,1.001
NCT04926428,1.001
NCT04922918,1.001
NCT04919031,1.001
NCT04920890,1.001
NCT04920773,1.001
NCT04918940,1.001
NCT04918914,1.001
NCT04916886,1.001
NCT04916821,1.001
NCT04916574,1.001
NCT04915820,1.001
NCT04914767,1.001
NCT04913740,1.001
NCT04912895,1.001
NCT04912921,1.001
NCT04910932,1.001
NCT04910542,1.001
NCT04910516,1.001
NCT04910191,1.001
NCT04909996,1.001
NCT04904744,1.001
NCT04904510,1.001
NCT04904497,1.001
NCT04902911,1.001
NCT04902976,1.001
NCT04900961,1.001
NCT04901624,1.001
NCT04900467,1.001
NCT04900454,1.001
NCT04900129,1.001
NCT04900155,1.001
NCT04898088,1.001
NCT04898062,1.001
NCT04898205,1.001
NCT04896710,1.001
NCT04896866,1.001
NCT04896788,1.001
NCT04895267,1.001
NCT04893512,1.001
NCT04894409,1.001
NCT04892979,1.001
NCT04887350,1.001
NCT04887129,1.001
NCT04885361,1.001
NCT04885517,1.001
NCT04883138,1.001
NCT04881227,1.001
NCT04880135,1.001
NCT04880122,1.001
NCT04878328,1.001
NCT04878042,1.001
NCT04876560,1.001
NCT04874766,1.001
NCT04873401,1.001
NCT04872712,1.001
NCT04873128,1.001
NCT04871737,1.001
NCT04871958,1.001
NCT04870723,1.001
NCT04867265,1.001
NCT04867174,1.001
NCT04866303,1.001
NCT04866069,1.001
NCT04864015,1.001
NCT04861298,1.001
NCT04860895,1.001
NCT04860271,1.001
NCT04860219,1.001
NCT04859244,1.001
NCT04858789,1.001
NCT04858542,1.001
NCT04857060,1.001
NCT04854772,1.001
NCT04854382,1.001
NCT04853966,1.001
NCT04852770,1.001
NCT04847791,1.001
NCT04847362,1.001
NCT04847349,1.001
NCT04845880,1.001
NCT04844567,1.001
NCT04844554,1.001
NCT04844489,1.001
NCT04844138,1.001
NCT04842708,1.001
NCT04841746,1.001
NCT04841707,1.001
NCT04841681,1.001
NCT04839315,1.001
NCT04836351,1.001
NCT04839146,1.001
NCT04839042,1.001
NCT04834739,1.001
NCT04832919,1.001
NCT04830761,1.001
NCT04830033,1.001
NCT04828434,1.001
NCT04826367,1.001
NCT04824443,1.001
NCT04821999,1.001
NCT04822285,1.001
NCT04821973,1.001
NCT04821934,1.001
NCT04820803,1.001
NCT04821037,1.001
NCT04818970,1.001
NCT04818281,1.001
NCT04818801,1.001
NCT04816656,1.001
NCT04815057,1.001
NCT04813770,1.001
NCT04813718,1.001
NCT04813575,1.001
NCT04813497,1.001
NCT04811859,1.001
NCT04810949,1.001
NCT04810065,1.001
NCT04808921,1.001
NCT04809272,1.001
NCT04805931,1.001
NCT04805892,1.001
NCT04805684,1.001
NCT04805203,1.001
NCT04803227,1.001
NCT04803812,1.001
NCT04802018,1.001
NCT04802187,1.001
NCT04800965,1.001
NCT04801524,1.001
NCT04794400,1.001
NCT04798677,1.001
NCT04798001,1.001
NCT04796064,1.001
NCT04794946,1.001
NCT04794036,1.001
NCT04791241,1.001
NCT04793464,1.001
NCT04789603,1.001
NCT04789525,1.001
NCT04786483,1.001
NCT04786080,1.001
NCT04784767,1.001
NCT04783025,1.001
NCT04782700,1.001
NCT04782336,1.001
NCT04780698,1.001
NCT04779827,1.001
NCT04779450,1.001
NCT04776317,1.001
NCT04771559,1.001
NCT04769999,1.001
NCT04762173,1.001
NCT04766931,1.001
NCT04767958,1.001
NCT04765475,1.001
NCT04765839,1.001
NCT04765449,1.001
NCT04765436,1.001
NCT04764981,1.001
NCT04763681,1.001
NCT04761874,1.001
NCT04760418,1.001
NCT04758299,1.001
NCT04758286,1.001
NCT04757818,1.001
NCT04757298,1.001
NCT04756856,1.001
NCT04756141,1.001
NCT04756466,1.001
NCT04753645,1.001
NCT04755972,1.001
NCT04751643,1.001
NCT04750720,1.001
NCT04751682,1.001
NCT04751474,1.001
NCT04750265,1.001
NCT04748536,1.001
NCT04748120,1.001
NCT04747574,1.001
NCT04747132,1.001
NCT04747249,1.001
NCT04743349,1.001
NCT04743232,1.001
NCT04742595,1.001
NCT04739462,1.001
NCT04739020,1.001
NCT04734912,1.001
NCT04734561,1.001
NCT04734717,1.001
NCT04734171,1.001
NCT04732819,1.001
NCT04730661,1.001
NCT04728594,1.001
NCT04726371,1.001
NCT04726163,1.001
NCT04726111,1.001
NCT04724681,1.001
NCT04724616,1.001
NCT04723576,1.001
NCT04723459,1.001
NCT04723290,1.001
NCT04720404,1.001
NCT04720378,1.001
NCT04719234,1.001
NCT04719208,1.001
NCT04716985,1.001
NCT04716426,1.001
NCT04716179,1.001
NCT04715607,1.001
NCT04715438,1.001
NCT04713111,1.001
NCT04712357,1.001
NCT04712045,1.001
NCT04710394,1.001
NCT04707833,1.001
NCT04707820,1.001
NCT04706039,1.001
NCT04706416,1.001
NCT04706403,1.001
NCT04703907,1.001
NCT04700462,1.001
NCT04699916,1.001
NCT04699851,1.001
NCT04700163,1.001
NCT04699227,1.001
NCT04698798,1.001
NCT04695743,1.001
NCT04695301,1.001
NCT04694638,1.001
NCT04691947,1.001
NCT04689542,1.001
NCT04689399,1.001
NCT04687488,1.001
NCT04686760,1.001
NCT04685681,1.001
NCT04685447,1.001
NCT04685213,1.001
NCT04681859,1.001
NCT04680858,1.001
NCT04679909,1.001
NCT04679493,1.001
NCT04678843,1.001
NCT04678778,1.001
NCT04678700,1.001
NCT04678687,1.001
NCT04677270,1.001
NCT04674644,1.001
NCT04673292,1.001
NCT04668625,1.001
NCT04672291,1.001
NCT04667286,1.001
NCT04666493,1.001
NCT04666116,1.001
NCT04666233,1.001
NCT04665193,1.001
NCT04664010,1.001
NCT04663945,1.001
NCT04663594,1.001
NCT04662021,1.001
NCT04661839,1.001
NCT04661813,1.001
NCT04661410,1.001
NCT04659486,1.001
NCT04659746,1.001
NCT04659707,1.001
NCT04658979,1.001
NCT04659122,1.001
NCT04657484,1.001
NCT04657471,1.001
NCT04656626,1.001
NCT04652674,1.001
NCT04652596,1.001
NCT04649424,1.001
NCT04649775,1.001
NCT04649736,1.001
NCT04649086,1.001
NCT04647747,1.001
NCT04647305,1.001
NCT04646616,1.001
NCT04644120,1.001
NCT04644328,1.001
NCT04642326,1.001
NCT04639466,1.001
NCT04638634,1.001
NCT04638842,1.001
NCT04637477,1.001
NCT04637867,1.001
NCT04636333,1.001
NCT04634903,1.001
NCT04635618,1.001
NCT04634318,1.001
NCT04632719,1.001
NCT04632602,1.001
NCT04632381,1.001
NCT04632368,1.001
NCT04632082,1.001
NCT04632043,1.001
NCT04630054,1.001
NCT04629105,1.001
NCT04629157,1.001
NCT04628039,1.001
NCT04627675,1.001
NCT04622332,1.001
NCT04621903,1.001
NCT04621071,1.001
NCT04620798,1.001
NCT04619628,1.001
NCT04619290,1.001
NCT04617262,1.001
NCT04616846,1.001
NCT04616989,1.001
NCT04615416,1.001
NCT04615975,1.001
NCT04615936,1.001
NCT04615741,1.001
NCT04613050,1.001
NCT04614012,1.001
NCT04613739,1.001
NCT04613297,1.001
NCT04611399,1.001
NCT04610489,1.001
NCT04609722,1.001
NCT04609371,1.001
NCT04607915,1.001
NCT04604743,1.001
NCT04604145,1.001
NCT04603963,1.001
NCT04602949,1.001
NCT04602871,1.001
NCT04602832,1.001
NCT04599959,1.001
NCT04597047,1.001
NCT04597034,1.001
NCT04596085,1.001
NCT04595097,1.001
NCT04595084,1.001
NCT04593433,1.001
NCT04592549,1.001
NCT04593069,1.001
NCT04592354,1.001
NCT04591158,1.001
NCT04590469,1.001
NCT04590430,1.001
NCT04590365,1.001
NCT04588415,1.001
NCT04587921,1.001
NCT04584593,1.001
NCT04583449,1.001
NCT04583189,1.001
NCT04582201,1.001
NCT04581811,1.001
NCT04581863,1.001
NCT04581291,1.001
NCT04581200,1.001
NCT04581031,1.001
NCT04579549,1.001
NCT04577235,1.001
NCT04576312,1.001
NCT04574219,1.001
NCT04573764,1.001
NCT04573270,1.001
NCT04573361,1.001
NCT04572399,1.001
NCT04570488,1.001
NCT04570202,1.001
NCT04572360,1.001
NCT04569825,1.001
NCT04569786,1.001
NCT04569266,1.001
NCT04568564,1.001
NCT04568889,1.001
NCT04568811,1.001
NCT04568525,1.001
NCT04568356,1.001
NCT04568122,1.001
NCT04567810,1.001
NCT04565509,1.001
NCT04563689,1.001
NCT04563702,1.001
NCT04563065,1.001
NCT04559113,1.001
NCT04559035,1.001
NCT04558411,1.001
NCT04558372,1.001
NCT04557605,1.001
NCT04557241,1.001
NCT04555213,1.001
NCT04552366,1.001
NCT04551339,1.001
NCT04548934,1.001
NCT04548544,1.001
NCT04548531,1.001
NCT04547257,1.001
NCT04546737,1.001
NCT04546841,1.001
NCT04539821,1.001
NCT04542876,1.001
NCT04542850,1.001
NCT04542447,1.001
NCT04542343,1.001
NCT04542421,1.001
NCT04542395,1.001
NCT04540939,1.001
NCT04539626,1.001
NCT04537858,1.001
NCT04536376,1.001
NCT04536935,1.001
NCT04535856,1.001
NCT04535778,1.001
NCT04532294,1.001
NCT04531618,1.001
NCT04531774,1.001
NCT04530435,1.001
NCT04527133,1.001
NCT04526912,1.001
NCT04526054,1.001
NCT04526145,1.001
NCT04525742,1.001
NCT04525820,1.001
NCT04525417,1.001
NCT04525378,1.001
NCT04524598,1.001
NCT04522492,1.001
NCT04522128,1.001
NCT04522089,1.001
NCT04519411,1.001
NCT04519320,1.001
NCT04519216,1.001
NCT04518514,1.001
NCT04517006,1.001
NCT04514900,1.001
NCT04514627,1.001
NCT04516564,1.001
NCT04510454,1.001
NCT04506268,1.001
NCT04505761,1.001
NCT04502056,1.001
NCT04501796,1.001
NCT04501458,1.001
NCT04501445,1.001
NCT04500366,1.001
NCT04499391,1.001
NCT04498442,1.001
NCT04497454,1.001
NCT04497415,1.001
NCT04497623,1.001
NCT04497298,1.001
NCT04495842,1.001
NCT04495933,1.001
NCT04495803,1.001
NCT04495543,1.001
NCT04492228,1.001
NCT04490824,1.001
NCT04488796,1.001
NCT04490278,1.001
NCT04490200,1.001
NCT04488484,1.001
NCT04487964,1.001
NCT04487691,1.001
NCT04487210,1.001
NCT04486001,1.001
NCT04484207,1.001
NCT04482634,1.001
NCT04482387,1.001
NCT04481633,1.001
NCT04480112,1.001
NCT04479540,1.001
NCT04477668,1.001
NCT04476667,1.001
NCT04475913,1.001
NCT04475185,1.001
NCT04474340,1.001
NCT04473248,1.001
NCT04472559,1.001
NCT04471636,1.001
NCT04470999,1.001
NCT04470739,1.001
NCT04469621,1.001
NCT04470258,1.001
NCT04469634,1.001
NCT04468971,1.001
NCT04468893,1.001
NCT04466800,1.001
NCT04465604,1.001
NCT04464486,1.001
NCT04463849,1.001
NCT04460534,1.001
NCT04460703,1.001
NCT04460677,1.001
NCT04460027,1.001
NCT04459962,1.001
NCT04459455,1.001
NCT04459520,1.001
NCT04457817,1.001
NCT04455360,1.001
NCT04453774,1.001
NCT04453657,1.001
NCT04453514,1.001
NCT04453475,1.001
NCT04452773,1.001
NCT04451889,1.001
NCT04451291,1.001
NCT04448769,1.001
NCT04445597,1.001
NCT04441918,1.001
NCT04441632,1.001
NCT04438070,1.001
NCT04439825,1.001
NCT04437719,1.001
NCT04435353,1.001
NCT04435275,1.001
NCT04431856,1.001
NCT04432805,1.001
NCT04430608,1.001
NCT04429724,1.001
NCT04431297,1.001
NCT04429828,1.001
NCT04427254,1.001
NCT04426318,1.001
NCT04426305,1.001
NCT04426006,1.001
NCT04424953,1.001
NCT04424082,1.001
NCT04424212,1.001
NCT04423289,1.001
NCT04422613,1.001
NCT04422353,1.001
NCT04421625,1.001
NCT04421612,1.001
NCT04421391,1.001
NCT04420676,1.001
NCT04420182,1.001
NCT04420273,1.001
NCT04420260,1.001
NCT04419623,1.001
NCT04418947,1.001
NCT04418505,1.001
NCT04418206,1.001
NCT04417270,1.001
NCT04416919,1.001
NCT04416360,1.001
NCT04414293,1.001
NCT04413864,1.001
NCT04413006,1.001
NCT04412239,1.001
NCT04412356,1.001
NCT04410692,1.001
NCT04410549,1.001
NCT04410016,1.001
NCT04409925,1.001
NCT04409496,1.001
NCT04409743,1.001
NCT04409821,1.001
NCT04408287,1.001
NCT04408157,1.001
NCT04408066,1.001
NCT04408027,1.001
NCT04406493,1.001
NCT04405986,1.001
NCT04403646,1.001
NCT04402840,1.001
NCT04401410,1.001
NCT04400305,1.001
NCT04400279,1.001
NCT04399967,1.001
NCT04399252,1.001
NCT04399317,1.001
NCT04399109,1.001
NCT04399005,1.001
NCT04398277,1.001
NCT04397705,1.001
NCT04397614,1.001
NCT04395911,1.001
NCT04394403,1.001
NCT04394039,1.001
NCT04394169,1.001
NCT04393948,1.001
NCT04393077,1.001
NCT04393636,1.001
NCT04392453,1.001
NCT04391829,1.001
NCT04390191,1.001
NCT04389333,1.001
NCT04389294,1.001
NCT04389385,1.001
NCT04388514,1.001
NCT04386239,1.001
NCT04386694,1.001
NCT04386668,1.001
NCT04385901,1.001
NCT04385836,1.001
NCT04382560,1.001
NCT04382092,1.001
NCT04380909,1.001
NCT04379453,1.001
NCT04379375,1.001
NCT04379037,1.001
NCT04378803,1.001
NCT04377477,1.001
NCT04377165,1.001
NCT04375774,1.001
NCT04374084,1.001
NCT04373382,1.001
NCT04373161,1.001
NCT04373135,1.001
NCT04373096,1.001
NCT04372693,1.001
NCT04372680,1.001
NCT04372004,1.001
NCT04371419,1.001
NCT04371029,1.001
NCT04370288,1.001
NCT04369378,1.001
NCT04368676,1.001
NCT04368260,1.001
NCT04368000,1.001
NCT04367636,1.001
NCT04366297,1.001
NCT04366141,1.001
NCT04365972,1.001
NCT04365738,1.001
NCT04365608,1.001
NCT04365127,1.001
NCT04363749,1.001
NCT04363528,1.001
NCT04363385,1.001
NCT04363541,1.001
NCT04361916,1.001
NCT04361448,1.001
NCT04360837,1.001
NCT04359875,1.001
NCT04359264,1.001
NCT04359251,1.001
NCT04357340,1.001
NCT04357327,1.001
NCT04352959,1.001
NCT04351906,1.001
NCT04349618,1.001
NCT04346589,1.001
NCT04346017,1.001
NCT04344561,1.001
NCT04344210,1.001
NCT04343794,1.001
NCT04343053,1.001
NCT04341922,1.001
NCT04338841,1.001
NCT04337996,1.001
NCT04337541,1.001
NCT04335279,1.001
NCT04334876,1.001
NCT04335097,1.001
NCT04334980,1.001
NCT04334265,1.001
NCT04331366,1.001
NCT04326452,1.001
NCT04324190,1.001
NCT04324489,1.001
NCT04321928,1.001
NCT04320953,1.001
NCT04319445,1.001
NCT04299724,1.001
NCT04296643,1.001
