nct_id,n
NCT04726865,1
NCT04727294,1
NCT04726371,1
NCT04320953,2
NCT04716465,2
NCT04721457,2
NCT04724707,1
NCT04724681,1
NCT04724629,1
NCT04724616,1
NCT04723550,2
NCT04726111,1
NCT04726098,1
NCT04725097,1
NCT04725084,1
NCT04724538,1
NCT04723576,1
NCT04721236,1
NCT04720794,2
NCT04720404,1
NCT04719182,1
NCT04719234,1
NCT04719208,1
NCT04716179,1
NCT04717024,1
NCT04716998,2
NCT04716088,2
NCT04716023,1
NCT04715997,1
NCT04718506,1
NCT04718480,1
NCT04716647,1
NCT04715919,1
NCT04715360,1
NCT04715295,1
NCT04714515,1
NCT04715477,1
NCT04714333,2
NCT04714125,1
NCT04712357,1
NCT04714138,2
NCT04713150,1
NCT04712045,1
NCT04714008,1
NCT04713878,2
NCT04713852,1
NCT04713540,2
NCT04712292,1
NCT04712344,3
NCT04694742,1
NCT04711954,1
NCT04709172,2
NCT04709744,2
NCT04709302,1
NCT04709003,1
NCT04706325,1
NCT04707833,1
NCT04707820,1
NCT04707742,1
NCT04706260,1
NCT04706416,1
NCT04706390,1
NCT04703777,1
NCT04705831,1
NCT04705753,1
NCT04703270,1
NCT04703907,1
NCT04703452,2
NCT04701996,2
NCT04701944,1
NCT04701905,1
NCT04701892,2
NCT04702945,1
NCT04699097,1
NCT04701528,1
NCT04701515,1
NCT04700254,5
NCT04699578,1
NCT04699851,2
NCT04698044,2
NCT04699227,1
NCT04697927,3
NCT04697030,1
NCT04698083,1
NCT04695756,2
NCT04695743,1
NCT04695678,1
NCT04694014,1
NCT04694612,1
NCT04694573,2
NCT04694482,3
NCT04695457,1
NCT04695379,1
NCT04694768,1
NCT04694664,1
NCT04694651,1
NCT04694638,1
NCT04693975,1
NCT04691895,2
NCT04693052,1
NCT04693026,1
NCT04690920,1
NCT04691609,1
NCT04691947,2
NCT04691934,1
NCT04690114,2
NCT04689477,1
NCT04689711,1
NCT04689672,1
NCT04689490,1
NCT04688840,1
NCT04687488,1
NCT04686747,1
NCT04686708,1
NCT04685603,2
NCT04685512,1
NCT04682574,2
NCT04682873,1
NCT04681755,2
NCT04682093,2
NCT04681950,1
NCT04681001,2
NCT04680858,2
NCT04681157,2
NCT04679428,1
NCT04679415,2
NCT04679584,1
NCT04677283,1
NCT04677270,1
NCT04673331,1
NCT04673279,1
NCT04672343,1
NCT04669990,1
NCT04669938,1
NCT04669509,1
NCT04669054,1
NCT04668937,1
NCT04668469,1
NCT04668404,1
NCT04668313,1
NCT04667936,1
NCT04667780,1
NCT04667442,2
NCT04666753,1
NCT04666246,1
NCT04666207,1
NCT04666116,2
NCT04665258,2
NCT04665245,3
NCT04664049,2
NCT04664023,2
NCT04664010,1
NCT04663594,2
NCT04661410,2
NCT04659941,1
NCT04659889,1
NCT04659876,1
NCT04659486,1
NCT04658979,2
NCT04658433,1
NCT04657510,1
NCT04657445,4
NCT04657263,2
NCT04655612,3
NCT04655521,3
NCT04654481,1
NCT04651413,2
NCT04650035,2
NCT04649996,2
NCT04649840,1
NCT04649827,1
NCT04649515,2
NCT04647695,3
NCT04647604,1
NCT04645563,1
NCT04644302,2
NCT04643691,1
NCT04643561,2
NCT04643548,2
NCT04643522,2
NCT04642326,1
NCT04641182,1
NCT04640038,3
NCT04639349,1
NCT04638842,3
NCT04638673,2
NCT04636034,4
NCT04636021,1
NCT04635813,1
NCT04635241,2
NCT04634799,3
NCT04632732,2
NCT04632719,1
NCT04632706,1
NCT04630015,2
NCT04629638,4
NCT04629222,1
NCT04629001,1
NCT04627623,2
NCT04627194,1
NCT04626076,1
NCT04625296,1
NCT04625114,1
NCT04625075,1
NCT04624997,1
NCT04624503,1
NCT04679168,2
NCT04678024,2
NCT04337996,4
NCT04676971,3
NCT04674553,1
NCT04673214,4
NCT04673149,3
NCT04670328,1
NCT04668170,1
NCT04666558,1
NCT04666493,1
NCT04666064,1
NCT04666025,1
NCT04663659,2
NCT04662684,1
NCT04662437,1
NCT04662021,2
NCT04661930,1
NCT04661631,2
NCT04661527,2
NCT04661462,1
NCT04659746,3
NCT04659200,3
NCT04659187,3
NCT04659135,1
NCT04656626,3
NCT04654416,1
NCT04653857,2
NCT04653831,1
NCT04559035,1
NCT04652648,1
NCT04652505,1
NCT04650191,1
NCT04650178,1
NCT04649658,2
NCT04649333,2
NCT04649320,1
NCT04648800,1
NCT04647994,2
NCT04646655,1
NCT04646525,1
NCT04646109,2
NCT04645433,1
NCT04645407,1
NCT04645368,1
NCT04644705,1
NCT04644172,1
NCT04644159,2
NCT04644146,1
NCT04643964,1
NCT04642703,2
NCT04642196,1
NCT04642040,1
NCT04641988,1
NCT04641858,2
NCT04639466,5
NCT04637867,3
NCT04637828,1
NCT04636320,1
NCT04635787,1
NCT04635618,1
NCT04634422,2
NCT04634318,5
NCT04633941,2
NCT04633772,2
NCT04632602,1
NCT04632082,2
NCT04631861,1
NCT04631380,1
NCT04631172,2
NCT04630054,2
NCT04629157,1
NCT04629105,1
NCT04628637,1
NCT04628208,3
NCT04628195,1
NCT04628000,2
NCT04623697,1
NCT04623255,1
NCT04623346,2
NCT04623177,1
NCT04622891,1
NCT04622865,1
NCT04622826,1
NCT04619693,4
NCT04621214,1
NCT04621149,4
NCT04621084,1
NCT04621058,3
NCT04620798,1
NCT04622748,1
NCT04621903,2
NCT04619576,1
NCT04618861,1
NCT04619290,2
NCT04619368,1
NCT04618042,2
NCT04616846,1
NCT04618341,1
NCT04617483,1
NCT04616976,1
NCT04616950,3
NCT04615975,1
NCT04615936,1
NCT04615416,1
NCT04615728,1
NCT04615676,2
NCT04615026,1
NCT04615000,1
NCT04614883,1
NCT04615195,1
NCT04615390,1
NCT04613310,2
NCT04614025,1
NCT04614012,1
NCT04613245,2
NCT04613050,2
NCT04613297,1
NCT04611269,4
NCT04475575,1
NCT04611256,2
NCT04611243,1
NCT04611230,2
NCT04611841,1
NCT04610567,3
NCT04610801,2
NCT04610554,1
NCT04610541,2
NCT04609969,4
NCT04609865,3
NCT04609839,1
NCT04609722,3
NCT04609371,2
NCT04609332,3
NCT04609423,4
NCT04608201,3
NCT04606563,1
NCT04607941,2
NCT04607928,3
NCT04605757,2
NCT04605692,1
NCT04605965,2
NCT04605952,1
NCT04475562,1
NCT04605588,4
NCT04605887,3
NCT04604769,1
NCT04605172,2
NCT04604977,1
NCT04602507,2
NCT04604327,1
NCT04604119,2
NCT04604080,5
NCT04603963,2
NCT04602832,2
NCT04602637,1
NCT04603794,1
NCT04603729,1
NCT04603677,1
NCT04603664,2
NCT04602260,1
NCT04601090,2
NCT04601077,2
NCT04601012,3
NCT04600999,1
NCT04598347,2
NCT04598256,3
NCT04596098,2
NCT04596085,5
NCT04595240,1
NCT04595110,1
NCT04594668,1
NCT04593641,1
NCT04593069,2
NCT04591158,1
NCT04590170,2
NCT04590053,3
NCT04589117,1
NCT04589104,1
NCT04586413,2
NCT04583865,1
NCT04583761,2
NCT04582318,2
NCT04582214,1
NCT04581746,2
NCT04581161,1
NCT04581135,1
NCT04581096,2
NCT04579627,1
NCT04602000,1
NCT04600440,1
NCT04599998,1
NCT04599959,3
NCT04598620,2
NCT04597047,1
NCT04597034,1
NCT04594330,1
NCT04594291,1
NCT04593654,1
NCT04592354,1
NCT04591600,1
NCT04589949,1
NCT04589936,1
NCT04588909,1
NCT04587921,1
NCT04587414,1
NCT04587375,1
NCT04587323,1
NCT04587258,1
NCT04587219,6
NCT04586140,2
NCT04586114,2
NCT04584658,3
NCT04584606,1
NCT04584593,3
NCT04584580,1
NCT04583995,3
NCT04583982,3
NCT04583566,2
NCT04583449,1
NCT04583319,2
NCT04583306,1
NCT04583293,3
NCT04583189,3
NCT04581889,2
NCT04581291,1
NCT04581083,3
NCT04581070,2
NCT04581044,2
NCT04581018,2
NCT04579588,3
NCT04579549,3
NCT04579471,2
NCT04579289,2
NCT04578210,2
NCT04578197,1
NCT04602481,1
NCT04602442,1
NCT04577534,2
NCT04577235,1
NCT04577105,2
NCT04576299,1
NCT04575168,3
NCT04425720,5
NCT04576312,2
NCT04575571,1
NCT04575064,1
NCT04573361,1
NCT04573868,1
NCT04574219,2
NCT04573634,2
NCT04573270,1
NCT04573153,2
NCT04573335,1
NCT04573322,1
NCT04572438,1
NCT04572412,3
NCT04572399,4
NCT04570982,1
NCT04569851,1
NCT04570462,1
NCT04570189,2
NCT04570397,2
NCT04569825,1
NCT04569266,1
NCT04569383,2
NCT04569344,4
NCT04569188,2
NCT04569292,1
NCT04568876,3
NCT04568356,2
NCT04568655,1
NCT04568148,1
NCT04568564,3
NCT04568525,1
NCT04568421,1
NCT04568018,1
NCT04568005,2
NCT04567979,1
NCT04567810,3
NCT04567953,1
NCT04567927,1
NCT04567173,2
NCT04566965,1
NCT04565782,1
NCT04566770,2
NCT04425707,1
NCT04565197,2
NCT04565106,1
NCT04565509,2
NCT04564716,4
NCT04563689,2
NCT04563676,1
NCT04563650,1
NCT04563208,4
NCT04563156,1
NCT04560413,2
NCT04561063,3
NCT04561024,2
NCT04560608,2
NCT04560530,1
NCT04562285,1
NCT04562246,1
NCT04561219,3
NCT04561193,1
NCT04561154,1
NCT04560881,3
NCT04560257,4
NCT04560231,2
NCT04560205,2
NCT04558645,4
NCT04559113,2
NCT04559074,3
NCT04559009,2
NCT04558996,1
NCT04558463,1
NCT04558411,1
NCT04558372,4
NCT04558307,1
NCT04558021,2
NCT04558437,1
NCT04557605,2
NCT04553055,2
NCT04556149,4
NCT04555148,1
NCT04555109,1
NCT04555005,1
NCT04554992,2
NCT04554979,2
NCT04553705,2
NCT04556604,1
NCT04556565,2
NCT04555954,1
NCT04554264,1
NCT04554251,1
NCT04553575,2
NCT04552951,1
NCT04552483,3
NCT04551781,1
NCT04552379,2
NCT04552366,3
NCT04552340,1
NCT04551547,3
NCT04551690,1
NCT04550403,2
NCT04550351,4
NCT04550325,2
NCT04550312,1
NCT04549831,2
NCT04549376,1
NCT04549636,2
NCT04548895,2
NCT04549350,2
NCT04549337,3
NCT04548908,1
NCT04548544,1
NCT04548531,2
NCT04546841,2
NCT04547634,1
NCT04547218,2
NCT04547114,1
NCT04546737,2
NCT04547283,1
NCT04546191,2
NCT04545541,3
NCT04545047,2
NCT04544878,1
NCT04544150,1
NCT04544605,2
NCT04404179,2
NCT04544072,1
NCT04542226,7
NCT04542447,2
NCT04542421,2
NCT04542408,3
NCT04542343,2
NCT04542330,3
NCT04542954,1
NCT04542941,2
NCT04542915,2
NCT04542876,1
NCT04542694,4
NCT04541472,1
NCT04540939,3
NCT04540185,2
NCT04539834,1
NCT04538586,1
NCT04537559,2
NCT04537208,6
NCT04537117,1
NCT04536441,1
NCT04536051,3
NCT04535700,2
NCT04535297,1
NCT04535154,1
NCT04534725,5
NCT04534673,1
NCT04534608,1
NCT04534569,7
NCT04534400,2
NCT04533399,4
NCT04531774,3
NCT04531501,1
NCT04531345,2
NCT04531319,2
NCT04530461,2
NCT04530422,1
NCT04530396,9
NCT04530370,1
NCT04530136,3
NCT04529447,1
NCT04529408,1
NCT04394208,4
NCT04540484,2
NCT04540029,1
NCT04539275,7
NCT04537858,1
NCT04536285,1
NCT04535856,7
NCT04535791,1
NCT04535128,1
NCT04535063,2
NCT04532931,5
NCT04532632,4
NCT04531735,1
NCT04531618,2
NCT04531202,1
NCT04531111,1
NCT04530604,2
NCT04530578,2
NCT04530500,2
NCT04528901,3
NCT04542044,1
NCT04527562,3
NCT04527497,1
NCT04527614,2
NCT04527601,4
NCT04527458,1
NCT04527133,1
NCT04525404,3
NCT04527081,5
NCT04526990,12
NCT04526977,2
NCT04526405,2
NCT04525742,2
NCT04525716,1
NCT04525378,2
NCT04526054,2
NCT04524754,3
NCT04525287,1
NCT04523831,6
NCT04524520,1
NCT04524507,2
NCT04524234,4
NCT04523051,2
NCT04523571,3
NCT04523012,1
NCT04522128,1
NCT04522466,2
NCT04522492,2
NCT04522089,4
NCT04522076,1
NCT04522037,1
NCT04521088,2
NCT04521322,2
NCT04521010,1
NCT04519502,2
NCT04519437,4
NCT04519398,1
NCT04519216,1
NCT04519385,2
NCT04519320,2
NCT04519307,1
NCT04518514,1
NCT04518969,1
NCT04518735,1
NCT04517695,1
NCT04517682,2
NCT04516954,3
NCT04517123,3
NCT04517097,1
NCT04516915,2
NCT04516837,3
NCT04516824,1
NCT04516811,3
NCT04516564,3
NCT04516486,1
NCT04513210,4
NCT04515199,1
NCT04515147,9
NCT04515108,1
NCT04513470,2
NCT04514705,1
NCT04514627,2
NCT04514003,2
NCT04513990,2
NCT04513847,3
NCT04513184,4
NCT04513158,3
NCT04512118,1
NCT04512027,4
NCT04511429,1
NCT04511650,8
NCT04510662,1
NCT04510493,5
NCT04510441,1
NCT04510623,1
NCT04508959,2
NCT04510025,2
NCT04510012,1
NCT04509999,6
NCT04509713,1
NCT04508920,1
NCT04508868,3
NCT04508712,3
NCT04508972,5
NCT04508439,1
NCT04506229,3
NCT04506632,1
NCT04507282,2
NCT04506528,4
NCT04506515,1
NCT04503057,1
NCT04504877,4
NCT04505709,1
NCT04505631,1
NCT04505605,2
NCT04337983,2
NCT04503525,1
NCT04503447,2
NCT04503434,1
NCT04502667,1
NCT04501822,1
NCT04502108,2
NCT04502056,2
NCT04501991,1
NCT04501965,2
NCT04502472,1
NCT04502433,2
NCT04502342,2
NCT04501432,2
NCT04501783,1
NCT04500132,2
NCT04500418,3
NCT04500366,2
NCT04500067,2
NCT04500652,1
NCT04500600,1
NCT04499391,4
NCT04497818,1
NCT04499313,5
NCT04499300,2
NCT04498299,1
NCT04498091,1
NCT04498065,1
NCT04497649,3
NCT04497623,2
NCT04498936,2
NCT04498507,2
NCT04497948,3
NCT04497415,5
NCT04497402,3
NCT04497389,3
NCT04497311,2
NCT04497272,2
NCT04497246,1
NCT04497194,1
NCT04497467,1
NCT04497454,1
NCT04497441,1
NCT04497779,2
NCT04495543,2
NCT04496141,1
NCT04495842,2
NCT04494867,4
NCT04492943,2
NCT04494724,1
NCT04494204,5
NCT04493359,2
NCT04493307,3
NCT04493268,1
NCT04494399,1
NCT04492904,1
NCT04492514,1
NCT04492501,1
NCT04492371,1
NCT04492358,2
NCT04492891,2
NCT04491994,2
NCT04492267,1
NCT04492228,2
NCT04491318,1
NCT04491240,5
NCT04491227,1
NCT04491201,1
NCT04491292,1
NCT04490473,2
NCT04490278,4
NCT04490850,1
NCT04490837,1
NCT04490811,1
NCT04488588,1
NCT04488549,1
NCT04488562,1
NCT04488510,2
NCT04488484,2
NCT04488471,1
NCT04487886,3
NCT04487977,1
NCT04487964,2
NCT04487951,1
NCT04487769,3
NCT04487639,1
NCT04487574,3
NCT04485169,2
NCT04487171,1
NCT04487119,5
NCT04486729,1
NCT04486417,1
NCT04486404,4
NCT04485429,1
NCT04485364,1
NCT04485351,1
NCT04485338,2
NCT04487444,4
NCT04483960,3
NCT04483830,3
NCT04484597,1
NCT04484545,1
NCT04484493,6
NCT04484207,3
NCT04483752,1
NCT04483622,1
NCT04483908,1
NCT04483271,2
NCT04482673,2
NCT04482595,4
NCT04482387,2
NCT04482361,2
NCT04482634,2
NCT04481646,1
NCT04482205,1
NCT04481529,2
NCT04481516,1
NCT04481633,3
NCT04480957,2
NCT04480112,4
NCT04479982,4
NCT04480398,2
NCT04480593,2
NCT04480580,1
NCT04480515,1
NCT04480034,2
NCT04479540,2
NCT04480060,1
NCT04479319,2
NCT04479124,1
NCT04479293,2
NCT04479280,3
NCT04479202,1
NCT04479358,2
NCT04479163,4
NCT04479137,2
NCT04478539,1
NCT04478071,2
NCT04477954,3
NCT04477889,2
NCT04477473,2
NCT04477083,1
NCT04476888,3
NCT04476823,1
NCT04476602,2
NCT04476589,2
NCT04476745,3
NCT04475601,1
NCT04475211,2
NCT04475185,5
NCT04475484,1
NCT04475471,2
NCT04473118,1
NCT04475068,2
NCT04474340,2
NCT04474301,1
NCT04474288,2
NCT04474249,2
NCT04475302,3
NCT04474483,3
NCT04474444,1
NCT04474067,3
NCT04473300,1
NCT04473274,3
NCT04473261,2
NCT04473248,2
NCT04473183,3
NCT04473170,1
NCT04473157,3
NCT04473131,1
NCT04472494,5
NCT04473105,2
NCT04473053,2
NCT04470739,1
NCT04472078,2
NCT04472052,1
NCT04472013,4
NCT04471701,2
NCT04471649,4
NCT04470531,2
NCT04470609,1
NCT04470323,3
NCT04470583,3
NCT04470544,4
NCT04469660,1
NCT04469647,2
NCT04469634,3
NCT04469621,10
NCT04468412,3
NCT04468971,5
NCT04468802,2
NCT04469153,1
NCT04468646,1
NCT04468256,2
NCT04468009,5
NCT04468217,1
NCT04468139,1
NCT04468308,2
NCT04467918,6
NCT04468035,3
NCT04467008,2
NCT04466462,1
NCT04466982,3
NCT04466670,1
NCT04466644,2
NCT04466605,1
NCT04466085,3
NCT04466540,2
NCT04466306,1
NCT04466280,1
NCT04465695,4
NCT04465656,2
NCT04465981,2
NCT04465474,4
NCT04463862,2
NCT04464486,1
NCT04463758,1
NCT04463706,2
NCT04465058,1
NCT04462120,1
NCT04463264,5
NCT04463472,4
NCT04463433,1
NCT04463420,3
NCT04462393,2
NCT04461340,4
NCT04461925,1
NCT04460703,2
NCT04460469,2
NCT04460443,3
NCT04461379,4
NCT04460690,5
NCT04460677,5
NCT04460664,2
NCT04460599,2
NCT04460534,1
NCT04460274,2
NCT04460014,5
NCT04460196,3
NCT04460183,5
NCT04460170,2
NCT04459975,1
NCT04458363,2
NCT04459533,1
NCT04459520,3
NCT04459455,3
NCT04459390,2
NCT04459364,2
NCT04459351,2
NCT04459325,2
NCT04459312,2
NCT04459689,1
NCT04458948,1
NCT04458246,1
NCT04457505,1
NCT04457817,4
NCT04457726,2
NCT04457609,1
NCT04457570,1
NCT04457388,3
NCT04456933,3
NCT04457349,5
NCT04452695,3
NCT04456556,1
NCT04456452,6
NCT04456361,2
NCT04456010,2
NCT04455815,6
NCT04454606,1
NCT04455451,9
NCT04455360,2
NCT04455347,1
NCT04455308,3
NCT04454333,1
NCT04456101,2
NCT04456075,1
NCT04453748,2
NCT04453527,1
NCT04453514,2
NCT04453501,1
NCT04453475,2
NCT04453670,1
NCT04453280,1
NCT04453579,1
NCT04453384,3
NCT04452708,1
NCT04452682,1
NCT04452630,1
NCT04452617,2
NCT04452565,5
NCT04452487,1
NCT04452422,1
NCT04451694,1
NCT04452773,3
NCT04451889,2
NCT04451577,1
NCT04450277,2
NCT04451317,3
NCT04450004,4
NCT04449978,1
NCT04449042,1
NCT04449276,4
NCT04449783,2
NCT04449718,2
NCT04448717,2
NCT04448782,2
NCT04449094,1
NCT04449081,2
NCT04448405,3
NCT04448769,4
NCT04447781,2
NCT04447638,2
NCT04448119,3
NCT04448054,3
NCT04447534,4
NCT04447131,2
NCT04447235,2
NCT04447222,1
NCT04447144,3
NCT04446286,3
NCT04446377,3
NCT04445961,2
NCT04446338,1
NCT04446104,3
NCT04445935,1
NCT04445597,2
NCT04445402,1
NCT04445389,3
NCT04445376,7
NCT04445324,5
NCT04445311,1
NCT04445259,1
NCT04445246,1
NCT04445233,2
NCT04444596,1
NCT04445194,4
NCT04444609,2
NCT04444557,1
NCT04444531,4
NCT04444401,3
NCT04444310,1
NCT04444271,4
NCT04445506,1
NCT04445467,2
NCT04445454,1
NCT04445441,3
NCT04444674,5
NCT04443712,1
NCT04443673,3
NCT04443140,3
NCT04443257,4
NCT04442958,2
NCT04442152,1
NCT04442191,1
NCT04441710,2
NCT04441918,1
NCT04441684,1
NCT04441632,2
NCT04441814,2
NCT04441489,1
NCT04441424,2
NCT04439084,2
NCT04441385,2
NCT04440098,1
NCT04439006,4
NCT04438993,1
NCT04438967,4
NCT04438954,2
NCT04438941,2
NCT04438694,2
NCT04438629,2
NCT04437875,4
NCT04438239,3
NCT04438070,1
NCT04438057,3
NCT04437706,7
NCT04437823,1
NCT04437940,2
NCT04437719,3
NCT04437342,6
NCT04435808,3
NCT04437121,1
NCT04436484,3
NCT04436471,4
NCT04435795,2
NCT04435717,1
NCT04435587,3
NCT04435353,1
NCT04435028,1
NCT04435327,2
NCT04435275,2
NCT04435184,6
NCT04435223,2
NCT04434157,1
NCT04434248,1
NCT04435119,1
NCT04435106,1
NCT04435080,1
NCT04435041,1
NCT04434144,1
NCT04434131,4
NCT04433949,1
NCT04434014,1
NCT04433546,8
NCT04433871,1
NCT04433364,1
NCT04433260,3
NCT04433754,1
NCT04432805,1
NCT04432779,3
NCT04431869,3
NCT04431856,4
NCT04433039,1
NCT04433000,1
NCT04432987,1
NCT04432948,1
NCT04432870,3
NCT04432051,3
NCT04431466,2
NCT04430062,2
NCT04430608,1
NCT04429867,2
NCT04429711,2
NCT04431310,1
NCT04431180,1
NCT04430374,2
NCT04430322,2
NCT04430023,2
NCT04429620,2
NCT04428099,1
NCT04429594,3
NCT04429477,2
NCT04427969,3
NCT04427735,1
NCT04427358,2
NCT04427345,2
NCT04427332,3
NCT04427280,1
NCT04427267,4
NCT04426084,1
NCT04427176,2
NCT04427137,2
NCT04427098,2
NCT04426318,5
NCT04426305,1
NCT04426292,1
NCT04426279,4
NCT04426266,3
NCT04426253,1
NCT04425889,2
NCT04425915,2
NCT04425863,5
NCT04425850,5
NCT04425382,1
NCT04426006,2
NCT04425759,2
NCT04425317,2
NCT04425616,2
NCT04425252,10
NCT04423640,2
NCT04425213,2
NCT04423991,1
NCT04423978,3
NCT04425044,1
NCT04425031,3
NCT04425005,2
NCT04424992,2
NCT04424849,1
NCT04424836,3
NCT04424797,2
NCT04424771,2
NCT04424355,3
NCT04423770,4
NCT04423692,2
NCT04423315,2
NCT04423289,1
NCT04422444,2
NCT04423003,1
NCT04422522,2
NCT04422418,2
NCT04422340,3
NCT04422470,3
NCT04422262,2
NCT04422613,2
NCT04422587,2
NCT04422574,1
NCT04422561,6
NCT04422535,1
NCT04421664,2
NCT04421391,1
NCT04420806,4
NCT04418947,2
NCT04420676,3
NCT04420416,2
NCT04420390,1
NCT04420338,3
NCT04420312,2
NCT04420299,2
NCT04420286,2
NCT04419571,4
NCT04419545,1
NCT04418206,2
NCT04418609,1
NCT04418544,2
NCT04418518,2
NCT04418375,2
NCT04418245,1
NCT04416139,1
NCT04417374,3
NCT04417335,1
NCT04416438,2
NCT04416373,1
NCT04416360,1
NCT04416347,3
NCT04416334,4
NCT04416256,1
NCT04416100,2
NCT04416061,1
NCT04416009,1
NCT04415086,3
NCT04414371,1
NCT04414657,1
NCT04414319,1
NCT04413864,1
NCT04414124,3
NCT04413968,4
NCT04413955,3
NCT04413071,3
NCT04412772,2
NCT04412746,1
NCT04413435,4
NCT04413045,2
NCT04413006,1
NCT04413058,2
NCT04412538,2
NCT04412343,3
NCT04412486,2
NCT04412473,2
NCT04412460,1
NCT04412655,2
NCT04412330,3
NCT04412304,3
NCT04412382,2
NCT04412278,2
NCT04412239,2
NCT04412226,2
NCT04411667,2
NCT04411784,1
NCT04412031,1
NCT04412018,4
NCT04411628,11
NCT04411576,1
NCT04411459,3
NCT04411563,1
NCT04410692,2
NCT04410939,1
NCT04410835,2
NCT04410159,6
NCT04410562,2
NCT04410536,2
NCT04410510,4
NCT04410484,2
NCT04410471,2
NCT04410458,1
NCT04410432,5
NCT04410354,7
NCT04410328,5
NCT04409899,2
NCT04410263,1
NCT04410016,3
NCT04409535,1
NCT04409522,1
NCT04409509,12
NCT04409925,8
NCT04409249,3
NCT04409197,2
NCT04409275,2
NCT04407689,3
NCT04408456,3
NCT04408378,1
NCT04408365,2
NCT04408339,2
NCT04408326,4
NCT04408248,5
NCT04408222,1
NCT04408209,5
NCT04408131,1
NCT04408066,2
NCT04407923,1
NCT04407390,2
NCT04407299,2
NCT04407286,3
NCT04407663,1
NCT04407598,2
NCT04407585,2
NCT04407572,2
NCT04407559,3
NCT04407494,2
NCT04407468,2
NCT04407429,1
NCT04407208,3
NCT04407195,3
NCT04407182,5
NCT04407169,2
NCT04407156,3
NCT04407117,2
NCT04407221,2
NCT04406688,2
NCT04406844,2
NCT04406571,1
NCT04406233,1
NCT04406181,2
NCT04406558,2
NCT04406493,1
NCT04406389,5
NCT04406090,2
NCT04405908,5
NCT04405869,2
NCT04405999,2
NCT04405973,3
NCT04405466,3
NCT04406324,2
NCT04405843,9
NCT04405726,3
NCT04405310,3
NCT04405284,2
NCT04405232,3
NCT04403828,3
NCT04404218,2
NCT04405544,3
NCT04403646,2
NCT04403685,4
NCT04403607,3
NCT04403477,1
NCT04403438,1
NCT04403269,1
NCT04403672,2
NCT04402983,3
NCT04402879,6
NCT04402853,2
NCT04402840,2
NCT04402827,3
NCT04402814,2
NCT04402229,2
NCT04403100,3
NCT04403061,2
NCT04403035,2
NCT04403009,1
NCT04402203,1
NCT04402060,4
NCT04400812,2
NCT04401540,3
NCT04401111,2
NCT04401098,1
NCT04401085,3
NCT04401072,1
NCT04401046,3
NCT04401033,3
NCT04400929,2
NCT04400877,4
NCT04401371,2
NCT04401293,3
NCT04401254,3
NCT04401241,1
NCT04401228,1
NCT04399317,2
NCT04400006,1
NCT04399967,6
NCT04400279,5
NCT04399746,1
NCT04399681,1
NCT04399109,1
NCT04399005,2
NCT04397848,2
NCT04397835,1
NCT04397822,2
NCT04398277,1
NCT04397692,3
NCT04397666,2
NCT04397588,2
NCT04397562,5
NCT04398004,4
NCT04397237,2
NCT04397172,2
NCT04396600,3
NCT04396210,4
NCT04396197,1
NCT04396353,6
NCT04395924,4
NCT04395482,3
NCT04395885,4
NCT04395859,2
NCT04395833,1
NCT04395794,1
NCT04395781,4
NCT04395768,2
NCT04395755,2
NCT04395664,2
NCT04396106,7
NCT04395391,3
NCT04395300,2
NCT04394455,3
NCT04394793,5
NCT04394442,1
NCT04394429,2
NCT04394416,2
NCT04394390,1
NCT04393558,2
NCT04394182,1
NCT04394169,2
NCT04394117,4
NCT04394104,3
NCT04394078,4
NCT04394000,1
NCT04393974,2
NCT04393961,1
NCT04393948,3
NCT04393818,5
NCT04393324,3
NCT04393233,2
NCT04393792,1
NCT04393727,3
NCT04393428,3
NCT04393636,2
NCT04392973,3
NCT04393077,3
NCT04393038,3
NCT04393415,3
NCT04393402,1
NCT04392713,1
NCT04392414,3
NCT04392401,1
NCT04392323,1
NCT04392089,1
NCT04392388,2
NCT04391829,2
NCT04392245,1
NCT04392232,2
NCT04392219,4
NCT04391712,2
NCT04391946,2
NCT04391881,3
NCT04391686,4
NCT04390178,1
NCT04390152,4
NCT04390126,4
NCT04390074,3
NCT04391140,3
NCT04391127,5
NCT04390594,5
NCT04390555,1
NCT04390516,4
NCT04390477,2
NCT04390464,2
NCT04390412,3
NCT04390022,7
NCT04389996,4
NCT04389944,3
NCT04389450,9
NCT04389385,1
NCT04389372,2
NCT04389333,2
NCT04389320,1
NCT04389710,3
NCT04389684,2
NCT04389658,3
NCT04389645,1
NCT04389567,2
NCT04389554,3
NCT04389515,4
NCT04389489,4
NCT04389463,3
NCT04388514,1
NCT04388670,1
NCT04388657,1
NCT04388644,1
NCT04388631,2
NCT04388605,3
NCT04388579,1
NCT04388436,2
NCT04388410,3
NCT04387929,2
NCT04387799,3
NCT04387643,1
NCT04387968,3
NCT04387786,2
NCT04387253,4
NCT04387214,6
NCT04387409,4
NCT04384705,2
NCT04387292,3
NCT04387279,1
NCT04386551,4
NCT04386512,2
NCT04386460,1
NCT04386239,2
NCT04386109,1
NCT04386083,2
NCT04385251,4
NCT04385238,6
NCT04385212,1
NCT04385147,4
NCT04385121,2
NCT04384588,1
NCT04384549,2
NCT04384497,2
NCT04384458,4
NCT04384055,5
NCT04384029,1
NCT04386850,2
NCT04386798,3
NCT04386720,4
NCT04386694,7
NCT04386668,5
NCT04386395,1
NCT04386369,3
NCT04386265,3
NCT04385836,1
NCT04385823,1
NCT04385810,2
NCT04385797,4
NCT04385108,3
NCT04385069,1
NCT04385043,1
NCT04385017,1
NCT04385004,2
NCT04384926,1
NCT04384887,2
NCT04384419,2
NCT04384406,2
NCT04384380,2
NCT04384250,1
NCT04383886,1
NCT04382131,3
NCT04383574,3
NCT04383535,5
NCT04383470,2
NCT04383457,3
NCT04382547,2
NCT04382534,1
NCT04382508,2
NCT04382469,2
NCT04383652,1
NCT04383626,1
NCT04382924,5
NCT04382846,2
NCT04382794,5
NCT04382781,3
NCT04382768,4
NCT04382729,1
NCT04381858,3
NCT04381819,1
NCT04382196,1
NCT04382092,1
NCT04382066,11
NCT04381884,8
NCT04381286,2
NCT04381351,2
NCT04381312,1
NCT04380935,2
NCT04380896,2
NCT04380818,3
NCT04380792,2
NCT04380779,2
NCT04380766,4
NCT04380727,2
NCT04380714,3
NCT04380688,4
NCT04379544,3
NCT04379531,3
NCT04379310,2
NCT04379297,1
NCT04379284,3
NCT04379245,1
NCT04379232,1
NCT04381000,3
NCT04380987,1
NCT04729491,1
NCT04380532,2
NCT04380519,3
NCT04380376,2
NCT04379661,3
NCT04379466,2
NCT04379453,2
NCT04379440,1
NCT04379375,7
NCT04379063,4
NCT04379037,3
NCT04378881,2
NCT04379336,1
NCT04378842,2
NCT04378829,2
NCT04378712,3
NCT04378686,2
NCT04729075,1
NCT04378595,2
NCT04378582,4
NCT04378803,4
NCT04378738,1
NCT04377412,1
NCT04377581,3
NCT04377815,2
NCT04377776,2
NCT04377750,1
NCT04377724,4
NCT04377685,5
NCT04728919,1
NCT04728880,1
NCT04377659,6
NCT04377607,3
NCT04377490,2
NCT04377477,3
NCT04376853,1
NCT04376996,2
NCT04377074,1
NCT04377035,3
NCT04377308,1
NCT04376840,2
NCT04376814,3
NCT04376788,2
NCT04376775,3
NCT04376034,1
NCT04376710,3
NCT04376593,3
NCT04376580,3
NCT04376476,2
NCT04374019,4
NCT04375644,2
NCT04376944,1
NCT04376905,3
NCT04376879,4
NCT04376398,2
NCT04375774,1
NCT04375748,2
NCT04375709,2
NCT04375670,2
NCT04375202,2
NCT04375176,1
NCT04375124,3
NCT04375098,4
NCT04374487,2
NCT04375501,2
NCT04374617,2
NCT04374591,4
NCT04374565,5
NCT04374539,2
NCT04374422,1
NCT04374838,3
NCT04374786,3
NCT04374123,2
NCT04374110,2
NCT04374097,2
NCT04374084,3
NCT04374071,1
NCT04374058,1
NCT04374045,4
NCT04374032,4
NCT04373161,3
NCT04373824,1
NCT04373798,2
NCT04373759,10
NCT04373382,4
NCT04373707,6
NCT04373486,2
NCT04372979,4
NCT04373135,4
NCT04373109,2
NCT04373096,4
NCT04372472,1
NCT04372199,1
NCT04724642,2
NCT04372693,6
NCT04372576,1
NCT04372017,3
NCT04372004,3
NCT04371965,4
NCT04371679,1
NCT04371510,1
NCT04371471,2
NCT04371601,1
NCT04371562,2
NCT04371744,2
NCT04371419,3
NCT04371029,3
NCT04371328,2
NCT04371315,2
NCT04370834,16
NCT04370821,4
NCT04370782,3
NCT04371250,3
NCT04370678,2
NCT04370886,3
NCT04370171,3
NCT04370288,2
NCT04370275,1
NCT04370262,4
NCT04370210,4
NCT04370197,1
NCT04370067,3
NCT04369859,2
NCT04369820,2
NCT04369794,2
NCT04369690,1
NCT04368390,3
NCT04369456,2
NCT04369989,1
NCT04368975,1
NCT04369378,3
NCT04369365,2
NCT04368923,2
NCT04369300,2
NCT04368897,4
NCT04368884,2
NCT04368871,3
NCT04368793,3
NCT04368637,2
NCT04367714,2
NCT04707534,2
NCT04368377,1
NCT04368351,2
NCT04368338,2
NCT04368299,2
NCT04367896,1
NCT04367857,2
NCT04367831,3
NCT04367805,1
NCT04367792,3
NCT04368988,6
NCT04368260,1
NCT04368208,4
NCT04368000,4
NCT04367337,5
NCT04367662,2
NCT04367402,2
NCT04367363,3
NCT04367350,1
NCT04367207,3
NCT04367168,3
NCT04367545,3
NCT04367064,2
NCT04366986,2
NCT04366960,4
NCT04366778,5
NCT04366765,2
NCT04366752,1
NCT04366947,2
NCT04366921,1
NCT04689542,3
NCT04366882,1
NCT04366856,2
NCT04366323,3
NCT04366206,1
NCT04366180,2
NCT04366167,1
NCT04366154,3
NCT04366089,1
NCT04366297,1
NCT04366063,2
NCT04366050,3
NCT04366024,2
NCT04365985,4
NCT04365972,2
NCT04366271,2
NCT04682041,2
NCT04365881,1
NCT04366245,4
NCT04366232,6
NCT04365816,3
NCT04365738,1
NCT04365634,1
NCT04365608,3
NCT04365361,3
NCT04365348,2
NCT04365322,4
NCT04365309,1
NCT04365257,4
NCT04365127,3
NCT04364893,3
NCT04364802,3
NCT04364763,14
NCT04364594,3
NCT04364698,2
NCT04359602,3
NCT04363853,4
NCT04364009,6
NCT04363814,4
NCT04363788,2
NCT04363736,4
NCT04363541,3
NCT04363632,4
NCT04363593,3
NCT04363450,3
NCT04363528,2
NCT04363437,3
NCT04363385,5
NCT04363372,2
NCT04363268,2
NCT04363099,1
NCT04363047,3
NCT04363008,2
NCT04362943,1
NCT04362930,3
NCT04362332,2
NCT04362319,2
NCT04362267,3
NCT04362150,4
NCT04362111,2
NCT04362059,4
NCT04362345,3
NCT04361916,3
NCT04361786,3
NCT04361500,1
NCT04361396,6
NCT04361253,3
NCT04361214,6
NCT04358614,1
NCT04361591,1
NCT04361019,2
NCT04361123,3
NCT04361565,3
NCT04360980,4
NCT04360954,4
NCT04361526,1
NCT04360863,3
NCT04360850,2
NCT04360837,3
NCT04360824,5
NCT04360811,1
NCT04360707,2
NCT04359953,2
NCT04359927,3
NCT04359862,4
NCT04359849,1
NCT04359797,13
NCT04360551,2
NCT04359329,1
NCT04359706,3
NCT04359693,4
NCT04359667,3
NCT04359654,3
NCT04359537,3
NCT04359407,2
NCT04359212,4
NCT04359290,6
NCT04359121,2
NCT04359277,4
NCT04359264,3
NCT04359251,1
NCT04358536,1
NCT04358510,1
NCT04358809,2
NCT04358640,2
NCT04358380,3
NCT04358042,2
NCT04357990,3
NCT04357938,2
NCT04357834,3
NCT04357782,4
NCT04357535,9
NCT04357639,7
NCT04357106,1
NCT04357340,2
NCT04357327,3
NCT04357314,3
NCT04357275,1
NCT04357431,3
NCT04356950,6
NCT04356937,5
NCT04357418,3
NCT04356885,3
NCT04356560,2
NCT04356586,2
NCT04356534,4
NCT04356378,2
NCT04356365,2
NCT04356495,7
NCT04356482,4
NCT04356443,1
NCT04355741,3
NCT04591613,2
NCT04355936,9
NCT04355897,4
NCT04355871,2
NCT04355507,3
NCT04355715,3
NCT04355637,5
NCT04355624,2
NCT04355611,3
NCT04355481,2
NCT04355442,4
NCT04355247,1
NCT04355351,3
NCT04355143,4
NCT04355338,4
NCT04354753,1
NCT04354857,1
NCT04354831,5
NCT04354818,4
NCT04354792,5
NCT04354779,5
NCT04354766,2
NCT04354428,7
NCT04355026,1
NCT04354701,5
NCT04353518,3
NCT04354558,3
NCT04353609,2
NCT04354155,3
NCT04353401,3
NCT04353336,6
NCT04353284,8
NCT04353271,4
NCT04353206,4
NCT04353141,2
NCT04353128,3
NCT04353934,2
NCT04353011,4
NCT04352933,2
NCT04352608,4
NCT04352842,3
NCT04352764,3
NCT04352751,5
NCT04352699,3
NCT04352582,2
NCT04351659,2
NCT04351633,5
NCT04351620,1
NCT04351568,2
NCT04351542,1
NCT04351529,3
NCT04351503,3
NCT04351139,6
NCT04350684,2
NCT04350671,2
NCT04350580,3
NCT04350320,4
NCT04498377,6
NCT04350099,2
NCT04349982,2
NCT04349540,1
NCT04349202,3
NCT04349163,4
NCT04349098,6
NCT04348695,2
NCT04348552,3
NCT04348227,2
NCT04347876,1
NCT04347850,3
NCT04347798,3
NCT04347694,3
NCT04347538,6
NCT04347460,1
NCT04347369,2
NCT04347278,2
NCT04347226,4
NCT04347174,7
NCT04346797,2
NCT04346693,3
NCT04346602,1
NCT04346589,4
NCT04346264,2
NCT04345640,3
NCT04346212,3
NCT04346186,2
NCT04346121,4
NCT04346056,4
NCT04346017,1
NCT04345991,2
NCT04345692,3
NCT04345549,1
NCT04345315,2
NCT04345289,3
NCT04345276,2
NCT04345159,5
NCT04344327,2
NCT04344288,5
NCT04344249,2
NCT04344210,2
NCT04344197,2
NCT04344171,2
NCT04344145,5
NCT04343794,2
NCT04343781,3
NCT04343768,4
NCT04343742,2
NCT04343651,8
NCT04352348,5
NCT04351906,6
NCT04351854,3
NCT04351802,2
NCT04351789,2
NCT04351763,1
NCT04351399,4
NCT04351295,3
NCT04350736,5
NCT04350723,2
NCT04350710,1
NCT04350281,3
NCT04349410,9
NCT04349241,3
NCT04348942,5
NCT04348929,4
NCT04348513,2
NCT04348409,3
NCT04348396,2
NCT04348370,6
NCT04468386,4
NCT04347980,2
NCT04347954,7
NCT04347941,2
NCT04347928,3
NCT04347915,5
NCT04347681,4
NCT04347382,7
NCT04462627,2
NCT04459403,3
NCT04347070,3
NCT04347031,3
NCT04346446,8
NCT04346420,2
NCT04346355,3
NCT04346342,4
NCT04345861,4
NCT04344964,3
NCT04344951,2
NCT04344912,2
NCT04344600,4
NCT04344457,4
NCT04344444,2
NCT04344431,3
NCT04344119,3
NCT04344106,1
NCT04343963,3
NCT04343404,2
NCT04343339,3
NCT04343261,10
NCT04343092,5
NCT04343053,3
NCT04352491,4
NCT04342897,20
NCT04342702,3
NCT04342689,6
NCT04342663,6
NCT04342650,3
NCT04342637,4
NCT04341922,6
NCT04341792,3
NCT04341766,3
NCT04341714,2
NCT04342195,3
NCT04341675,5
NCT04342182,12
NCT04342169,4
NCT04341389,4
NCT04341142,6
NCT04341519,2
NCT04341506,2
NCT04341480,2
NCT04341441,6
NCT04368845,3
NCT04340921,2
NCT04341038,1
NCT04341207,1
NCT04340219,3
NCT04340544,3
NCT04340479,5
NCT04340466,3
NCT04339881,2
NCT04340050,5
NCT04339998,3
NCT04339387,2
NCT04338841,3
NCT04338568,4
NCT04338958,5
NCT04339816,4
NCT04339712,6
NCT04339686,3
NCT04339660,1
NCT04339634,2
NCT04339608,1
NCT04339491,2
NCT04339426,6
NCT04338945,4
NCT04338932,3
NCT04338698,3
NCT04338672,2
NCT04337762,2
NCT04337346,3
NCT04337320,2
NCT04336956,6
NCT04337190,2
NCT04337151,1
NCT04337047,2
NCT04337008,2
NCT04337541,2
NCT04337502,1
NCT04337424,5
NCT04336904,2
NCT04336462,1
NCT04336657,1
NCT04335747,3
NCT04336345,7
NCT04335630,2
NCT04335279,8
NCT04335851,2
NCT04335786,7
NCT04335773,2
NCT04335305,9
NCT04334928,6
NCT04335162,5
NCT04334850,2
NCT04335136,7
NCT04335071,5
NCT04334382,2
NCT04334629,5
NCT04334265,2
NCT04333849,3
NCT04334252,5
NCT04332081,6
NCT04333368,5
NCT04333225,5
NCT04332913,3
NCT04332835,5
NCT04332380,3
NCT04333914,8
NCT04333875,3
NCT04333862,2
NCT04333654,8
NCT04333628,4
NCT04333589,3
NCT04333550,3
NCT04333407,3
NCT04332016,2
NCT04331808,3
NCT04331613,1
NCT04331574,1
NCT04331106,5
NCT04330599,4
NCT04330521,3
NCT04331509,3
NCT04331470,3
NCT04330261,1
NCT04329923,8
NCT04327674,1
NCT04329832,4
NCT04329533,9
NCT04329507,2
NCT04328961,6
NCT04328467,6
NCT04328454,1
NCT04328285,8
NCT04327401,6
NCT04327349,1
NCT04327180,3
NCT04329650,4
NCT04329611,9
NCT04328129,4
NCT04327531,5
NCT04327479,3
NCT04326725,3
NCT04326452,3
NCT04326426,3
NCT04326387,3
NCT04326075,4
NCT04325919,1
NCT04325893,5
NCT04325867,2
NCT04326036,3
NCT04325412,2
NCT04324996,2
NCT04324021,8
NCT04324190,4
NCT04324684,7
NCT04324489,3
NCT04323878,4
NCT04323787,5
NCT04324073,3
NCT04324047,2
NCT04323644,2
NCT04323592,7
NCT04323527,4
NCT04323514,1
NCT04323839,5
NCT04323345,2
NCT04322773,5
NCT04323228,7
NCT04322682,13
NCT04322565,4
NCT04322513,5
NCT04322487,3
NCT04322188,4
NCT04322344,3
NCT04321993,7
NCT04322279,2
NCT04321616,3
NCT04321928,3
NCT04321369,2
NCT04321278,7
NCT04321174,2
NCT04321421,3
NCT04321265,5
NCT04320732,4
NCT04320615,11
NCT04320472,14
NCT04320056,3
NCT04320238,2
NCT04319900,1
NCT04319731,2
NCT04320017,2
NCT04319016,4
NCT04319315,2
NCT04319172,2
NCT04318366,4
NCT04318301,4
NCT04318015,2
NCT04318444,3
NCT04318431,8
NCT04318418,2
NCT04315298,8
NCT04316949,5
NCT04316377,4
NCT04316299,3
NCT04315896,3
NCT04315870,1
NCT04315480,3
NCT04313946,4
NCT04314271,1
NCT04314232,2
NCT04313127,5
NCT04313322,1
NCT04308317,1
NCT04312464,1
NCT04312100,1
NCT04310228,2
NCT04307459,4
NCT04307693,3
NCT04305106,3
NCT04306705,2
NCT04306497,3
NCT04306055,2
NCT04305574,3
NCT04305457,13
NCT04302688,1
NCT04304690,5
NCT04304313,2
NCT04304053,10
NCT04299724,1
NCT04292964,4
NCT04292899,21
NCT04292730,21
NCT04292340,1
NCT04292327,1
NCT04291729,4
NCT04288102,6
NCT04285801,4
NCT04282135,2
NCT04284046,1
NCT04283396,3
NCT04282902,1
NCT04280705,25
NCT04276987,4
NCT04276896,3
NCT04276688,3
NCT04279795,1
NCT04279782,2
NCT04279197,3
NCT04275414,3
NCT04275947,1
NCT04273763,5
NCT04274322,2
NCT04273321,5
NCT04264533,3
NCT04269525,4
NCT04262921,3
NCT04263402,4
NCT04261517,4
NCT04260308,1
NCT04261270,3
NCT04256395,5
NCT04259892,5
NCT04257656,4
NCT04255017,4
NCT04254874,4
NCT04255940,1
NCT04252885,2
NCT04432922,6
NCT04252118,5
NCT04251871,2
NCT04766983,1
NCT04701710,3
NCT04252274,3
NCT04245631,2
NCT04244591,7
NCT04767087,1
NCT04766788,1
NCT04429555,6
NCT04507893,3
NCT04472728,7
NCT04486482,2
NCT04479150,3
NCT04349592,3
NCT04527575,4
NCT04397510,8
NCT04365595,4
NCT04448704,5
NCT04384445,8
NCT04371354,3
NCT04358003,9
NCT04355962,7
NCT04339790,142
NCT04334291,4
NCT04324736,8
NCT04334460,11
NCT04723524,3
NCT04731116,1
NCT04405570,19
NCT04730427,1
NCT04730323,1
NCT04730284,1
NCT04637295,2
NCT04696679,3
NCT04695301,3
NCT04464395,5
NCT04647682,3
NCT04557046,4
NCT04590352,2
NCT04584450,2
NCT04538456,3
NCT04412668,10
NCT04459962,2
NCT04366934,3
NCT04769700,1
NCT04290780,7
NCT04769349,1
NCT04769297,1
NCT04769284,1
NCT04769245,1
NCT04768413,1
NCT04768153,1
NCT04727372,2
NCT04762628,2
NCT04695197,2
NCT04700462,3
NCT04723563,2
NCT04681053,3
NCT04679909,4
NCT04659707,3
NCT04618835,2
NCT04610515,3
NCT04734912,1
NCT04535869,4
NCT04532411,2
NCT04394013,3
NCT04390269,4
NCT04329559,2
NCT04384471,2
NCT04370249,3
NCT04366141,4
NCT04734886,1
NCT04734717,1
NCT04734678,1
NCT04734171,1
NCT04733625,1
NCT04733833,1
NCT04713488,3
NCT04728594,2
NCT04704466,2
NCT04724434,3
NCT04726163,2
NCT04692129,2
NCT04669912,3
NCT04639375,5
NCT04674644,3
NCT04661657,2
NCT04635605,2
NCT04623021,2
NCT04474457,3
NCT04528667,3
NCT04528368,2
NCT04519411,2
NCT04548934,2
NCT04498442,4
NCT04488575,5
NCT04486001,5
NCT04435379,12
NCT04434118,5
NCT04431284,4
NCT04430049,4
NCT04452669,4
NCT04469114,6
NCT04459286,4
NCT04411433,2
NCT04407143,4
NCT04403932,3
NCT04388683,3
NCT04376658,5
NCT04771624,1
NCT04367883,4
NCT04363346,4
NCT04346199,6
NCT04344002,6
NCT04341584,3
NCT04336384,3
NCT04334044,3
NCT04771052,1
NCT04771585,1
NCT04614844,4
NCT04768244,2
NCT04541979,2
NCT04769999,1
NCT04757857,2
NCT04706156,2
NCT04568707,2
NCT04557358,2
NCT04390165,2
NCT04470427,16
NCT04412317,3
NCT04410549,3
NCT04736732,1
NCT04736524,1
NCT04416048,4
NCT04397575,5
NCT04377763,4
NCT04408170,3
NCT04384042,3
NCT04682912,2
NCT04345679,4
NCT04345536,2
NCT04686578,2
NCT04686565,2
NCT04529499,3
NCT04511949,3
NCT04678700,2
NCT04678687,2
NCT04325633,3
NCT04325048,3
NCT04653727,3
NCT04585945,2
NCT04581200,5
NCT04498416,4
NCT04525417,2
NCT04406038,6
NCT04441502,2
NCT04438863,3
NCT04409821,2
NCT04384731,3
NCT04374513,4
NCT04446429,8
NCT04334434,5
NCT04325061,9
NCT04402905,3
NCT04358926,6
NCT04357769,2
NCT04776941,1
NCT04778033,1
NCT04739410,1
NCT04739345,1
NCT04775563,1
NCT04738032,1
NCT04775017,1
NCT04736901,2
NCT04734223,2
NCT04732702,2
NCT04726176,2
NCT04703036,3
NCT04668911,2
NCT04685629,3
NCT04663555,4
NCT04647747,3
NCT04435522,4
NCT04613817,2
NCT04609774,3
NCT04604249,2
NCT04772833,1
NCT04772703,1
NCT04771117,2
NCT04466241,4
NCT04465552,4
NCT04766294,2
NCT04772586,1
NCT04760990,3
NCT04760132,2
NCT04409847,4
NCT04407130,6
NCT04435457,4
NCT04679272,4
NCT04361344,3
NCT04747158,2
NCT04730934,3
NCT04728828,2
NCT04701502,3
NCT04678843,2
NCT04681079,2
NCT04644341,2
NCT04651790,3
NCT04608383,2
NCT04627584,4
NCT04625036,2
NCT04615208,2
NCT04613739,3
NCT04588415,2
NCT04603781,5
NCT04555096,5
NCT04542850,4
NCT04541680,3
NCT04412057,7
NCT04535674,6
NCT04475913,2
NCT04472611,3
NCT04441372,6
NCT04427254,3
NCT04417270,5
NCT04525443,2
NCT04505774,6
NCT04495816,4
NCT04456413,4
NCT04411602,2
NCT04382755,4
NCT04408196,4
NCT04382495,10
NCT04363749,2
NCT04311697,21
NCT04344925,6
NCT04355728,7
NCT04355702,4
NCT04354272,2
NCT04353596,4
NCT04351724,4
NCT04740372,1
NCT04330638,8
NCT04326920,6
NCT04738760,2
NCT04740125,1
NCT04729374,3
NCT04451993,3
NCT04721444,2
NCT04584567,4
NCT04519255,2
NCT04370236,4
NCT04733729,2
NCT04663945,4
NCT04373889,3
NCT04330586,3
NCT04780698,1
NCT04780685,1
NCT04780659,1
NCT04780594,1
NCT04780581,1
NCT04779944,1
NCT04780126,1
NCT04780035,1
NCT04779996,1
NCT04780295,1
NCT04779879,1
NCT04770740,2
NCT04779268,1
NCT04779021,1
NCT04779424,1
NCT04775966,2
NCT04775784,2
NCT04775407,2
NCT04699058,2
NCT04690413,2
NCT04632043,2
NCT04659772,2
NCT04617262,3
NCT04604704,5
NCT04713176,3
NCT04649424,2
NCT04547127,4
NCT04576351,2
NCT04596579,3
NCT04522310,4
NCT04542993,3
NCT04559542,2
NCT04420273,4
NCT04490200,3
NCT04443075,4
NCT04382040,7
NCT04747574,2
NCT04317092,5
NCT04351152,12
NCT04782336,1
NCT04551898,2
NCT04753242,3
NCT04569786,11
NCT04348656,12
NCT04409496,5
NCT04407546,5
NCT04379089,2
NCT04372680,2
NCT04469491,6
NCT04469179,3
NCT04345601,9
NCT04334980,9
NCT04784546,1
NCT04784403,1
NCT04782427,2
NCT04779749,2
NCT04717089,4
NCT04716556,2
NCT04590430,4
NCT04756466,3
NCT04659759,3
NCT04649151,8
NCT04632615,2
NCT04465604,2
NCT04464408,5
NCT04463823,2
NCT04402918,2
NCT04371848,2
NCT04363463,4
NCT04344977,16
NCT04787614,1
NCT04787588,1
NCT04787536,1
NCT04787510,1
NCT04786483,1
NCT04785898,1
NCT04416919,3
NCT04403555,6
NCT04786041,1
NCT04780152,3
NCT04471766,5
NCT04531254,3
NCT04530435,4
NCT04517396,7
NCT04730401,2
NCT04706403,2
NCT04703205,3
NCT04434261,4
NCT04397718,12
NCT04390503,2
NCT04359901,7
NCT04486521,2
NCT04473547,2
NCT04789395,1
NCT04788433,1
NCT04788355,1
NCT04786808,2
NCT04784468,2
NCT04671017,5
NCT04752085,3
NCT04667962,3
NCT04666779,4
NCT04590794,6
NCT04629989,4
NCT04581577,2
NCT04460638,4
NCT04548505,3
NCT04408001,3
NCT04406545,3
NCT04404270,3
NCT04387838,3
NCT04387760,5
NCT04377165,4
NCT04517136,5
NCT04516928,3
NCT04514874,3
NCT04494386,4
NCT04470622,8
NCT04424017,7
NCT04348305,14
NCT04343729,8
NCT04365335,5
NCT04365166,4
NCT04447469,7
NCT04279899,2
NCT04331795,9
NCT04746092,1
NCT04745923,1
NCT04746443,1
NCT04746365,1
NCT04744415,1
NCT04745442,1
NCT04745416,1
NCT04745377,1
NCT04745611,1
NCT04742569,1
NCT04743349,1
NCT04732858,2
NCT04742738,1
NCT04742712,1
NCT04742595,1
NCT04710771,3
NCT04739462,2
NCT04730661,2
NCT04668625,5
NCT04658121,2
NCT04615429,3
NCT04629183,3
NCT04568850,3
NCT04584710,4
NCT04557241,2
NCT04547660,2
NCT04542200,3
NCT04536376,4
NCT04517630,3
NCT04534790,2
NCT04492475,30
NCT04510454,2
NCT04509752,2
NCT04476914,4
NCT04408027,2
NCT04494776,2
NCT04416399,5
NCT04453657,9
NCT04394403,3
NCT04386564,3
NCT04385901,4
NCT04748185,1
NCT04367129,2
NCT04348383,5
NCT04344730,3
NCT04335084,7
NCT04362956,4
NCT04359680,6
NCT04747678,1
NCT04748120,1
NCT04717011,3
NCT04747522,1
NCT04746521,2
NCT04746066,2
NCT04747782,1
NCT04747366,1
NCT04747132,1
NCT04743947,2
NCT04743232,2
NCT04741178,2
NCT04739020,2
NCT04582201,3
NCT04661839,2
NCT04659239,3
NCT04643678,3
NCT04631497,2
NCT04568889,2
NCT04568811,2
NCT04511923,3
NCT04462367,2
NCT04487197,4
NCT04368143,3
NCT04398264,3
NCT04409327,6
NCT04333355,4
NCT04321811,4
NCT04394026,2
NCT04392531,3
NCT04368026,3
NCT04349371,3
NCT04346147,5
NCT04337918,8
NCT04336215,3
NCT04751227,1
NCT04751617,1
NCT04751604,1
NCT04740320,2
NCT04750369,1
NCT04750356,1
NCT04750343,1
NCT04749121,1
NCT04743388,2
NCT04695158,4
NCT04709068,2
NCT04662671,2
NCT04694716,4
NCT04694703,4
NCT04621461,3
NCT04652765,3
NCT04652596,2
NCT04512079,4
NCT04581863,7
NCT04535778,2
NCT04544176,3
NCT04530656,3
NCT04595123,3
NCT04559100,4
NCT04494984,5
NCT04331600,3
NCT04491214,3
NCT04490824,5
NCT04397705,2
NCT04393155,4
NCT04389294,2
NCT04371289,2
NCT04363827,4
NCT04357808,4
NCT04352959,5
NCT04456595,5
NCT04449588,3
NCT04442165,3
NCT04383730,5
NCT04379258,3
NCT04336332,5
NCT04296643,3
NCT04754633,1
NCT04753762,1
NCT04591210,2
NCT04723394,2
NCT04710329,5
NCT04703140,3
NCT04561102,2
NCT04750317,2
NCT04649021,3
NCT04349618,3
NCT04530617,5
NCT04414293,4
NCT04392453,2
NCT04348422,4
NCT04385160,4
NCT04384965,3
NCT04375761,11
NCT04322396,5
NCT04366908,3
NCT04361448,2
NCT04357366,7
NCT04311177,11
NCT04756817,1
NCT04756518,1
NCT04756479,1
NCT04691921,5
NCT04751734,2
NCT04749173,2
NCT04756869,1
NCT04756193,1
NCT04755972,1
NCT04643444,4
NCT04636294,2
NCT04540419,4
NCT04581928,3
NCT04530539,3
NCT04530409,4
NCT04529525,6
NCT04561089,2
NCT04558203,3
NCT04407260,4
NCT04470648,3
NCT04459819,3
NCT04442178,3
NCT04501458,4
NCT04492410,2
NCT04368156,2
NCT04363502,7
NCT04381377,3
NCT04335201,2
NCT04348864,11
NCT04328012,4
NCT04378920,7
NCT04342728,7
NCT04342104,4
NCT04338828,3
NCT04331834,4
NCT04758962,1
NCT04710836,2
NCT04758286,1
NCT04758273,1
NCT04757818,1
NCT04757792,1
NCT04756323,2
NCT04753619,2
NCT04757285,1
NCT04533360,4
NCT04583410,5
NCT04582344,3
NCT04517162,4
NCT04472585,3
NCT04363333,6
NCT04463849,2
NCT04463004,5
NCT04346615,14
NCT04386616,19
NCT04379076,5
NCT04750759,3
NCT04364828,4
NCT04760795,1
NCT04760743,1
NCT04760639,1
NCT04414631,6
NCT04758039,2
NCT04757298,2
NCT04756128,2
NCT04498546,3
NCT04703608,5
NCT04698798,3
NCT04692779,3
NCT04477668,3
NCT04476953,3
NCT04476667,2
NCT04673292,3
NCT04649918,2
NCT04563247,3
NCT04473898,3
NCT04393142,3
NCT04377789,6
NCT04373811,4
NCT04425538,3
NCT04354584,2
NCT04412291,4
NCT04331366,6
NCT04764981,1
NCT04765254,1
NCT04765436,1
NCT04764773,1
NCT04763213,1
NCT04764032,1
NCT04763395,1
NCT04756271,2
NCT04760821,2
NCT04657809,3
NCT04606732,2
NCT04600141,2
NCT04533347,3
NCT04456153,6
NCT04426071,2
NCT04424212,3
NCT04803227,1
NCT04408287,3
NCT04408040,3
NCT04395430,3
NCT04367636,2
NCT04361838,3
NCT04352517,3
NCT04803370,1
NCT04802642,1
NCT04802187,1
NCT04802044,1
NCT04828460,1
NCT04799808,1
NCT04800770,1
NCT04800146,1
NCT04800120,1
NCT04799704,1
NCT04799652,1
NCT04799600,1
NCT04799873,1
NCT04799834,1
NCT04797936,1
NCT04799132,1
NCT04797871,1
NCT04799444,1
NCT04798625,1
NCT04798599,1
NCT04797624,1
NCT04793984,1
NCT04796064,1
NCT04794803,2
NCT04794998,1
NCT04793269,1
NCT04794920,1
NCT04794374,2
NCT04794361,1
NCT04794062,1
NCT04793243,1
NCT04792021,1
NCT04792086,1
NCT04791241,1
NCT04790851,2
NCT04791085,1
NCT04790994,1
NCT04788459,2
NCT04789525,2
NCT04788407,2
NCT04788394,2
NCT04786301,2
NCT04786249,2
NCT04786197,2
NCT04780672,2
NCT04780425,2
NCT04779047,3
NCT04776044,3
NCT04775134,2
NCT04757272,2
NCT04727775,2
NCT04746339,2
NCT04750720,4
NCT04738045,3
NCT04713111,2
NCT04723459,4
NCT04733105,2
NCT04732663,2
NCT04716569,8
NCT04715607,4
NCT04689464,2
NCT04681040,3
NCT04710303,5
NCT04686721,3
NCT04684433,3
NCT04667247,2
NCT04663737,4
NCT04666441,3
NCT04659252,2
NCT04661540,3
NCT04657497,2
NCT04657471,4
NCT04604223,2
NCT04637906,4
NCT04621123,2
NCT04619719,7
NCT04578132,10
NCT04550390,4
NCT04568044,2
NCT04568031,5
NCT04565379,4
NCT04575038,10
NCT04545008,2
NCT04539626,3
NCT04525820,4
NCT04536935,4
NCT04507230,4
NCT04506268,7
NCT04504240,3
NCT04490174,39
NCT04513561,3
NCT04508075,3
NCT04487691,4
NCT04498247,12
NCT04495803,2
NCT04466683,3
NCT04439825,4
NCT04470999,4
NCT04418284,5
NCT04445220,6
NCT04427566,7
NCT04424953,4
NCT04433910,5
NCT04432350,2
NCT04432324,5
NCT04408157,5
NCT04411511,2
NCT04409262,10
NCT04407533,3
NCT04420741,7
NCT04420637,3
NCT04407273,3
NCT04414618,18
NCT04388618,7
NCT04400058,17
NCT04399356,5
NCT04382391,4
NCT04382378,5
NCT04394377,9
NCT04390191,2
NCT04377620,8
NCT04382417,4
NCT04374461,10
NCT04373200,5
NCT04379154,4
NCT04358406,5
NCT04351347,6
NCT04351191,3
NCT04353037,3
NCT04347408,7
NCT04346667,3
NCT04345510,2
NCT04345419,6
NCT04361942,4
NCT04332991,10
NCT04336761,4
NCT04336254,2
NCT04324528,4
NCT04664296,3
NCT04312243,4
NCT04303299,8
NCT04805892,1
NCT04807699,1
NCT04806880,1
NCT04805840,1
NCT04805684,1
NCT04779541,2
NCT04803812,1
NCT04795414,2
NCT04750265,3
NCT04805203,1
NCT04805086,1
NCT04799977,2
NCT04797091,2
NCT04641481,4
NCT04705766,3
NCT04633915,3
NCT04738695,2
NCT04735757,3
NCT04728802,3
NCT04635943,2
NCT04522986,3
NCT04611399,3
NCT04610502,3
NCT04568863,2
NCT04551339,4
NCT04497324,4
NCT04429854,4
NCT04393805,4
NCT04380402,3
NCT04351711,6
NCT04344834,3
NCT04393246,4
NCT04391179,8
NCT04364984,3
NCT04363489,4
NCT04823234,1
NCT04332107,10
NCT04822285,1
NCT04819165,1
NCT04821973,1
NCT04821570,1
NCT04822012,1
NCT04821934,1
NCT04820803,1
NCT04818489,2
NCT04818866,2
NCT04818697,2
NCT04817332,1
NCT04817553,1
NCT04816682,1
NCT04817371,2
NCT04816786,1
NCT04816942,1
NCT04816760,1
NCT04816656,2
NCT04816630,2
NCT04816084,1
NCT04815304,1
NCT04815850,1
NCT04815759,1
NCT04814914,1
NCT04815135,1
NCT04815096,3
NCT04813497,1
NCT04815018,1
NCT04813731,1
NCT04813692,2
NCT04813575,1
NCT04813939,1
NCT04813471,1
NCT04812041,1
NCT04812496,2
NCT04811885,2
NCT04811859,1
NCT04811781,1
NCT04811456,2
NCT04811391,2
NCT04811352,1
NCT04811339,2
NCT04810949,1
NCT04810689,1
NCT04809272,1
NCT04809480,1
NCT04810637,2
NCT04600895,5
NCT04806074,2
NCT04805632,2
NCT04800965,2
NCT04802018,2
NCT04799691,2
NCT04801524,2
NCT04798677,2
NCT04794946,2
NCT04789356,3
NCT04794088,2
NCT04772404,2
NCT04784689,2
NCT04767958,2
NCT04779346,2
NCT04760704,2
NCT04765475,2
NCT04748172,2
NCT04756141,3
NCT04741386,2
NCT04753632,3
NCT04743609,2
NCT04751682,3
NCT04723706,3
NCT04727424,2
NCT04723290,4
NCT04706533,2
NCT04708912,3
NCT04666012,3
NCT04695652,7
NCT04661813,2
NCT04659356,2
NCT04701606,3
NCT04700163,4
NCT04689399,4
NCT04642638,7
NCT04668339,4
NCT04640402,2
NCT04637477,2
NCT04631536,3
NCT04606784,3
NCT04570202,4
NCT04521309,5
NCT04544033,3
NCT04542512,5
NCT04542213,2
NCT04497636,2
NCT04523246,4
NCT04528329,4
NCT04514016,4
NCT04483375,5
NCT04482647,5
NCT04482023,2
NCT04476680,2
NCT04481620,3
NCT04481477,2
NCT04467112,5
NCT04466839,4
NCT04466098,4
NCT04447404,4
NCT04439045,5
NCT04406246,2
NCT04418505,6
NCT04416464,3
NCT04441996,4
NCT04441476,3
NCT04410718,2
NCT04408183,4
NCT04401150,5
NCT04391738,4
NCT04391166,7
NCT04368221,5
NCT04400305,6
NCT04399603,3
NCT04397614,6
NCT04395144,4
NCT04385095,4
NCT04383483,4
NCT04357886,3
NCT04374149,3
NCT04371432,194
NCT04367740,3
NCT04365439,2
NCT04362189,8
NCT04355533,7
NCT04342806,4
NCT04348435,8
NCT04346927,3
NCT04334954,101
NCT04333472,10
NCT04317040,13
NCT04827160,1
NCT04826822,1
NCT04826770,1
NCT04824391,1
NCT04824677,1
NCT04824664,1
NCT04824638,1
NCT04824313,1
NCT04806867,2
NCT04823182,2
NCT04821674,2
NCT04819802,2
NCT04819282,2
NCT04845880,1
NCT04793464,3
NCT04729140,3
NCT04789512,2
NCT04727762,4
NCT04720118,3
NCT04666233,3
NCT04704388,2
NCT04664309,4
NCT04619680,4
NCT04629703,4
NCT04609462,5
NCT04558385,4
NCT04551378,2
NCT04523090,4
NCT04508556,3
NCT04496245,3
NCT04486313,6
NCT04418557,3
NCT04411446,5
NCT04466800,6
NCT04446169,6
NCT04445870,3
NCT04343248,7
NCT04382560,3
NCT04375410,2
NCT04401410,5
NCT04399252,3
NCT04341493,4
NCT04397939,3
NCT04353674,7
NCT04370119,3
NCT04368676,4
NCT04365764,4
NCT04360278,18
NCT04352634,10
NCT04830020,1
NCT04394195,2
NCT04388813,9
NCT04828915,1
NCT04829552,1
NCT04828629,1
NCT04828772,1
NCT04766931,2
NCT04826367,2
NCT04828538,1
NCT04665752,41
NCT04646642,3
NCT04640181,2
NCT04678739,4
NCT04583592,18
NCT04432298,4
NCT04458298,6
NCT04401423,3
NCT04367870,3
NCT04358081,9
NCT04378777,11
NCT04690387,3
NCT04830800,1
NCT04828148,2
NCT04655586,7
NCT04830943,1
NCT04680949,5
NCT04712110,5
NCT04710394,5
NCT04528641,3
NCT04608266,4
NCT04488081,5
NCT04527354,4
NCT04510207,8
NCT04511819,18
NCT04481685,4
NCT04474496,6
NCT04371393,19
NCT04351243,13
NCT04340349,4
NCT04355234,4
NCT04316884,2
NCT04834115,1
NCT04834102,1
NCT04832828,1
NCT04828668,3
NCT04832867,1
NCT04832841,1
NCT04826731,2
NCT04818320,3
NCT04824495,2
NCT04627467,2
NCT04806620,2
NCT04710199,2
NCT04688372,3
NCT04679493,2
NCT04476992,5
NCT04668209,3
NCT04568499,2
NCT04536298,4
NCT04838106,1
NCT04505761,3
NCT04494893,2
NCT04356833,3
NCT04326790,6
NCT04428021,3
NCT04838093,1
NCT04839913,1
NCT04836351,1
NCT04836260,1
NCT04836065,1
NCT04839094,1
NCT04839315,1
NCT04836052,1
NCT04838834,1
NCT04836039,1
NCT04834739,1
NCT04834934,1
NCT04834882,1
NCT04834856,1
NCT04834401,1
NCT04830683,2
NCT04824443,2
NCT04808921,3
NCT04818853,2
NCT04818281,3
NCT04818164,2
NCT04817397,2
NCT04817280,2
NCT04800939,3
NCT04798053,2
NCT04796402,3
NCT04761107,2
NCT04789499,2
NCT04718220,2
NCT04747821,2
NCT04734561,2
NCT04716426,5
NCT04655625,3
NCT04686734,3
NCT04670003,2
NCT04669925,2
NCT04667923,3
NCT04594343,4
NCT04625985,2
NCT04606498,10
NCT04598594,8
NCT04621071,5
NCT04539262,10
NCT04583345,4
NCT04507256,6
NCT04505722,14
NCT04563702,4
NCT04558125,3
NCT04556513,4
NCT04479488,5
NCT04508777,5
NCT04478019,4
NCT04477993,2
NCT04488796,6
NCT04459247,3
NCT04439071,7
NCT04449731,5
NCT04429529,3
NCT04359836,3
NCT04390139,2
NCT04378452,5
NCT04405986,4
NCT04402944,4
NCT04280224,3
NCT04338009,4
NCT04373460,24
NCT04357444,4
NCT04373148,8
NCT04343976,5
NCT04841681,1
NCT04331886,6
NCT04331171,5
NCT04329195,5
NCT04275245,2
NCT04334512,6
NCT04323800,22
NCT04840953,1
NCT04771351,2
NCT04840459,1
NCT04830761,2
NCT04720235,2
NCT04800133,2
NCT04794036,3
NCT04748783,3
NCT04732468,3
NCT04482699,10
NCT04581915,3
NCT04644185,5
NCT04448145,3
NCT04440007,8
NCT04573764,4
NCT04436276,11
NCT04397757,8
NCT04364022,3
NCT04359875,2
NCT04345614,19
NCT04327206,12
NCT04842734,1
NCT04842708,1
NCT04842331,1
NCT04838080,2
NCT04842292,1
NCT04818463,3
NCT04832945,2
NCT04734860,2
NCT04668196,2
NCT04685447,3
NCT04682548,3
NCT04602871,2
NCT04497298,7
NCT04522830,10
NCT04516746,8
NCT04477655,4
NCT04358029,3
NCT04498273,4
NCT04341415,4
NCT04367077,7
NCT04400461,3
NCT04312009,15
NCT04324606,15
NCT04320511,6
NCT04844710,1
NCT04844658,1
NCT04844632,1
NCT04844567,1
NCT04843878,1
NCT04815057,4
NCT04841707,3
NCT04762173,3
NCT04810065,2
NCT04800224,3
NCT04791423,3
NCT04678830,7
NCT04570384,4
NCT04651400,4
NCT04537650,5
NCT04622332,2
NCT04619407,2
NCT04611425,2
NCT04602949,2
NCT04431414,15
NCT04501952,13
NCT04471636,3
NCT04509947,6
NCT04403880,11
NCT04402970,7
NCT04397900,3
NCT04388527,6
NCT04416308,3
NCT04347239,14
NCT04344080,2
NCT04415060,6
NCT04314817,3
NCT04846907,1
NCT04846790,1
NCT04845984,1
NCT04843917,2
NCT04817293,2
NCT04840966,2
NCT04780555,2
NCT04723537,10
NCT04459676,5
NCT04530682,4
NCT04501796,3
NCT04584684,4
NCT04849598,1
NCT04377711,5
NCT04395807,3
NCT04849624,1
NCT04849793,1
NCT04849637,1
NCT04365153,10
NCT04849546,1
NCT04847661,1
NCT04848610,1
NCT04847817,1
NCT04847791,1
NCT04847622,1
NCT04847687,1
NCT04847544,1
NCT04847362,2
NCT04845971,2
NCT04839146,2
NCT04840940,2
NCT04844242,2
NCT04832022,2
NCT04824625,2
NCT04821999,3
NCT04821986,3
NCT04838795,2
NCT04716907,4
NCT04476979,3
NCT04685655,5
NCT04504032,10
NCT04667286,2
NCT04614948,12
NCT04598581,5
NCT04591015,5
NCT04549922,4
NCT04530448,4
NCT04524598,3
NCT04500626,5
NCT04486508,9
NCT04492254,2
NCT04341012,3
NCT04358939,9
NCT04357041,5
NCT04365725,3
NCT04362995,6
NCT04322123,8
NCT04844346,2
NCT04851561,1
NCT04847349,2
NCT04837651,2
NCT04849611,2
NCT04834908,2
NCT04784897,6
NCT04810728,2
NCT04784767,3
NCT04708236,3
NCT04751474,2
NCT04675281,2
NCT04648709,5
NCT04570488,3
NCT04565665,5
NCT04527471,5
NCT04523181,6
NCT04404244,2
NCT04492384,5
NCT04470258,3
NCT04363606,6
NCT04392141,4
NCT04348214,5
NCT04346628,8
NCT04383678,5
NCT04853316,1
NCT04853004,1
NCT04853134,1
NCT04834869,3
NCT04852796,1
NCT04852770,1
NCT04852718,1
NCT04847336,2
NCT04773665,2
NCT04772859,3
NCT04649775,3
NCT04751643,2
NCT04682132,2
NCT04473365,4
NCT04567836,4
NCT04451291,4
NCT04588792,6
NCT04526912,5
NCT04367142,3
NCT04491071,4
NCT04412265,5
NCT04400838,11
NCT04365959,3
NCT04348500,5
NCT04382235,3
NCT04333953,3
NCT04854941,1
NCT04855539,1
NCT04854837,1
NCT04854785,1
NCT04765371,3
NCT04848493,2
NCT04780321,2
NCT04853966,1
NCT04853901,1
NCT04811664,3
NCT04806113,2
NCT04803409,4
NCT04761874,2
NCT04578158,10
NCT04741412,2
NCT04701489,6
NCT04670094,3
NCT04756856,2
NCT04380701,6
NCT04805125,3
NCT04542031,3
NCT04358068,18
NCT04355364,9
NCT04681092,3
NCT04723446,2
NCT04495933,3
NCT04428008,7
NCT04325906,7
NCT04376684,24
NCT04371692,2
NCT04362176,7
NCT04463602,8
NCT04412356,6
NCT04404361,9
NCT04860284,1
NCT04860271,1
NCT04860245,1
NCT04860206,1
NCT04859881,1
NCT04858633,1
NCT04858620,1
NCT04858542,1
NCT04858412,1
NCT04854382,2
NCT04853927,2
NCT04784481,3
NCT04783311,2
NCT04685213,2
NCT04748536,3
NCT04576728,5
NCT04636203,3
NCT04525911,3
NCT04537949,5
NCT04401579,17
NCT04400032,4
NCT04860908,1
NCT04861402,1
NCT04861272,1
NCT04381988,3
NCT04379271,4
NCT04368234,3
NCT04860869,2
NCT04854759,2
NCT04860219,2
NCT04844580,3
NCT04833101,4
NCT04647305,3
NCT04748757,2
NCT04648410,4
NCT04643860,3
NCT04681859,4
NCT04641195,3
NCT04659109,2
NCT04608305,4
NCT04596943,2
NCT04591184,5
NCT04623671,6
NCT04594356,3
NCT04568551,2
NCT04568122,8
NCT04513964,4
NCT04468893,3
NCT04465513,2
NCT04456036,4
NCT04375137,5
NCT04328480,7
NCT04400799,3
NCT04858607,2
NCT04863586,1
NCT04863547,1
NCT04863534,1
NCT04854928,3
NCT04854486,2
NCT04856111,2
NCT04821921,3
NCT04715438,3
NCT04805216,2
NCT04674410,3
NCT04698382,2
NCT04698837,3
NCT04673318,2
NCT04657484,3
NCT04636086,2
NCT04625257,4
NCT04590365,3
NCT04489446,5
NCT04563065,3
NCT04460027,4
NCT04424901,2
NCT04421508,13
NCT04467931,3
NCT04447209,2
NCT04444661,5
NCT04442789,3
NCT04422873,4
NCT04359914,3
NCT04381273,2
NCT04370808,4
NCT04327570,3
NCT04357847,3
NCT04347824,5
NCT04865913,1
NCT04865900,1
NCT04865237,1
NCT04824365,4
NCT04860297,2
NCT04859244,3
NCT04865133,1
NCT04864938,1
NCT04864899,1
NCT04861298,2
NCT04773067,2
NCT04780373,2
NCT04730856,3
NCT04712448,2
NCT04615741,5
NCT04689724,2
NCT04678778,3
NCT04656691,4
NCT04652518,8
NCT04540406,8
NCT04545749,4
NCT04540120,15
NCT04539795,3
NCT04534595,2
NCT04448418,3
NCT04374942,3
NCT04360538,2
NCT04356690,7
NCT04867213,1
NCT04414410,2
NCT04867161,1
NCT04612972,2
NCT04830033,3
NCT04863131,2
NCT04782739,2
NCT04767477,2
NCT04608097,4
NCT04547140,8
NCT04588480,5
NCT04581031,2
NCT04499677,4
NCT04498286,2
NCT04462757,5
NCT04453982,3
NCT04514900,5
NCT04453969,3
NCT04453566,3
NCT04452435,8
NCT04321096,6
NCT04344041,6
NCT04410107,2
NCT04870723,1
NCT04870333,1
NCT04870593,1
NCT04868903,1
NCT04868890,1
NCT04864015,2
NCT04869202,1
NCT04869072,1
NCT04868448,1
NCT04868435,1
NCT04809389,3
NCT04748588,2
NCT04750278,2
NCT04732819,2
NCT04703790,3
NCT04649931,5
NCT04700137,4
NCT04615949,3
NCT04449380,6
NCT04584541,2
NCT04524663,6
NCT04500639,3
NCT04401475,6
NCT04499378,2
NCT04495101,6
NCT04480424,8
NCT04369469,10
NCT04362865,28
NCT04445428,5
NCT04872764,1
NCT04342221,4
NCT04872699,1
NCT04871958,1
NCT04871867,1
NCT04871841,1
NCT04871815,1
NCT04871789,1
NCT04871685,1
NCT04871633,1
NCT04871945,1
NCT04871165,1
NCT04860739,4
NCT04858425,3
NCT04844489,2
NCT04685681,3
NCT04847050,14
NCT04724720,3
NCT04681430,5
NCT04703114,2
NCT04691908,3
NCT04627519,4
NCT04665193,2
NCT04603924,7
NCT04590378,2
NCT04592055,2
NCT04591704,2
NCT04365101,18
NCT04404062,3
NCT04401436,17
NCT04530357,11
NCT04452318,17
NCT04382053,30
NCT04380870,2
NCT04372628,8
NCT04372589,6
NCT04372056,4
NCT04353583,10
NCT04347993,3
NCT04324463,7
NCT04344535,3
NCT04873141,1
NCT04874363,1
NCT04873388,1
NCT04873336,1
NCT04866303,2
NCT04865107,2
NCT04841785,2
NCT04790786,3
NCT04738721,6
NCT04654442,5
NCT04668235,3
NCT04666285,2
NCT04636671,2
NCT04448756,11
NCT04442087,4
NCT04422509,4
NCT04421625,3
NCT04421404,7
NCT04405076,7
NCT04391816,229
NCT04569227,3
NCT04551911,6
NCT04551768,5
NCT04381936,10
NCT04380909,3
NCT04361877,3
NCT04360733,2
NCT04874792,1
NCT04874779,1
NCT04874753,1
NCT04870164,2
NCT04876560,1
NCT04876417,1
NCT04872673,2
NCT04866069,2
NCT04853940,2
NCT04839107,2
NCT04860895,2
NCT04859023,2
NCT04780113,2
NCT04836767,3
NCT04834726,3
NCT04834583,2
NCT04826588,4
NCT04718519,3
NCT04762056,3
NCT04611802,16
NCT04619628,3
NCT04602312,4
NCT04532372,4
NCT04602286,4
NCT04529421,4
NCT04445493,4
NCT04453852,3
NCT04381962,3
NCT04528888,2
NCT04527432,5
NCT04517422,8
NCT04421612,5
NCT04412785,4
NCT04409873,8
NCT04402957,8
NCT04368312,2
NCT04365530,3
NCT04432272,5
NCT04343898,12
NCT04878809,1
NCT04332094,5
NCT04319445,6
NCT04878042,1
NCT04877769,1
NCT04877509,1
NCT04854798,4
NCT04876898,1
NCT04869592,2
NCT04872751,2
NCT04816019,3
NCT04825301,3
NCT04782700,2
NCT04779827,3
NCT04760184,2
NCT04646590,5
NCT04709835,4
NCT04615052,2
NCT04652674,3
NCT04575584,30
NCT04558320,2
NCT04879251,1
NCT04545060,15
NCT04386044,2
NCT04382586,9
NCT04880174,1
NCT04880161,1
NCT04880122,1
NCT04527315,3
NCT04520191,3
NCT04389671,4
NCT04852861,3
NCT04876443,2
NCT04874740,2
NCT04878900,1
NCT04872738,2
NCT04871828,2
NCT04847479,4
NCT04813796,2
NCT04813770,2
NCT04797858,3
NCT04597853,2
NCT04646603,7
NCT04644328,4
NCT04642950,4
NCT04715932,5
NCT04595097,4
NCT04542967,3
NCT04537962,2
NCT04496128,5
NCT04496076,5
NCT04485130,7
NCT04379518,10
NCT04377672,4
NCT04369807,2
NCT04357730,11
NCT04387955,3
NCT04381364,5
NCT04335123,5
NCT04354259,3
NCT04344015,4
NCT04884321,1
NCT04883216,1
NCT04883801,1
NCT04883203,1
NCT04883177,1
NCT04883164,1
NCT04882670,1
NCT04881214,1
NCT04881305,1
NCT04881266,1
NCT04880135,2
NCT04872725,2
NCT04876872,3
NCT04783025,2
NCT04854408,3
NCT04839965,4
NCT04805970,3
NCT04860258,2
NCT04841759,2
NCT04733807,3
NCT04789603,3
NCT04789447,2
NCT04753645,2
NCT04746430,3
NCT04724395,2
NCT04644198,5
NCT04602351,6
NCT04537806,5
NCT04674189,3
NCT04665960,9
NCT04592549,4
NCT04494646,7
NCT04512300,2
NCT04482621,4
NCT04463628,2
NCT04380961,15
NCT04426695,21
NCT04420247,4
NCT04419623,4
NCT04414267,5
NCT04409743,6
NCT04442230,6
NCT04397523,4
NCT04374656,3
NCT04365699,3
NCT04350593,6
NCT04373291,6
NCT04361474,6
NCT04357457,5
NCT04335188,4
NCT04355767,13
NCT04354870,5
NCT04354610,6
NCT04345653,8
NCT04333732,15
NCT04328441,5
NCT04885764,1
NCT04303507,9
NCT04885504,1
NCT04863638,2
NCT04884685,2
NCT04885543,1
NCT04867226,3
NCT04872686,2
NCT04843722,3
NCT04832061,3
NCT04779450,2
NCT04754698,5
NCT04631666,3
NCT04707703,3
NCT04604184,12
NCT04603755,4
NCT04487873,4
NCT04579393,21
NCT04422691,4
NCT04399980,6
NCT04383613,7
NCT04383002,6
NCT04364737,13
NCT04411680,15
NCT04348240,21
NCT04345523,4
NCT04327388,20
NCT04343989,6
NCT04338074,9
NCT04887246,1
NCT04887220,1
NCT04308668,15
NCT04844697,3
NCT04864535,3
NCT04887142,1
NCT04887129,1
NCT04885517,2
NCT04885192,1
NCT04884061,2
NCT04842435,3
NCT04801836,2
NCT04794400,6
NCT04649736,2
NCT04684836,2
NCT04632368,3
NCT04516759,15
NCT04582331,3
NCT04473690,16
NCT04890509,1
NCT04482686,8
NCT04475120,3
NCT04362085,5
NCT04372602,8
NCT04891302,1
NCT04891276,1
NCT04431453,27
NCT04422353,3
NCT04891172,1
NCT04890600,1
NCT04890483,1
NCT04889365,1
NCT04889326,1
NCT04889313,1
NCT04889274,1
NCT04889040,1
NCT04872049,2
NCT04887623,2
NCT04870606,3
NCT04878822,2
NCT04870385,2
NCT04844515,2
NCT04799392,3
NCT04713553,5
NCT04761822,16
NCT04771013,3
NCT04674566,5
NCT04729452,2
NCT04619706,6
NCT04593940,20
NCT04582266,4
NCT04564287,39
NCT04581187,2
NCT04575532,2
NCT04556318,7
NCT04555213,5
NCT04519372,3
NCT04532294,6
NCT04422769,4
NCT04505592,5
NCT04501445,4
NCT04444700,3
NCT04487990,2
NCT04442048,13
NCT04438980,3
NCT04438850,5
NCT04417257,17
NCT04375397,14
NCT04412551,2
NCT04409834,4
NCT04403386,18
NCT04359810,5
NCT04352556,4
NCT04335552,6
NCT04335097,5
NCT04331054,5
NCT04320862,6
NCT04318314,4
NCT04893122,1
NCT04344561,5
NCT04892979,1
NCT04806815,4
NCT04892797,1
NCT04889261,2
NCT04816669,4
NCT04708340,6
NCT04662086,5
NCT04677660,6
NCT04662073,4
NCT04649086,4
NCT04569877,3
NCT04644120,6
NCT04652102,7
NCT04402866,12
NCT04369066,7
NCT04368065,8
NCT04543760,4
NCT04480138,5
NCT04385940,3
NCT04315948,11
NCT04357574,3
NCT04894682,1
NCT04893031,2
NCT04894409,1
NCT04894331,1
NCT04894721,1
NCT04894214,1
NCT04890626,2
NCT04893694,2
NCT04852822,4
NCT04885491,2
NCT04798027,5
NCT04746183,3
NCT04762680,6
NCT04560855,2
NCT04662060,4
NCT04638634,5
NCT04601415,2
NCT04425629,20
NCT04537351,4
NCT04475588,2
NCT04450017,2
NCT04575610,4
NCT04471519,5
NCT04405739,17
NCT04391920,5
NCT04896944,1
NCT04896918,1
NCT04896905,1
NCT04896866,1
NCT04896853,1
NCT04896840,1
NCT04896762,1
NCT04798001,3
NCT04885478,2
NCT04838821,2
NCT04796896,7
NCT04796584,2
NCT04805931,2
NCT04701658,8
NCT04634409,14
NCT04668950,10
NCT04631705,4
NCT04570254,3
NCT04497987,20
NCT04492527,3
NCT04387708,2
NCT04427501,39
NCT04421027,23
NCT04420182,5
NCT04415151,6
NCT04407507,2
NCT04537663,2
NCT04536350,5
NCT04467840,45
NCT04456062,4
NCT04354519,3
NCT04350073,5
NCT04345848,5
NCT04331899,8
NCT04330690,36
NCT04373005,4
NCT04898179,1
NCT04898088,1
NCT04898166,1
NCT04895267,2
NCT04896788,2
NCT04849585,2
NCT04753476,3
NCT04818216,3
NCT04870411,2
NCT04801056,3
NCT04794387,2
NCT04789460,2
NCT04686760,2
NCT04745351,6
NCT04636697,15
NCT04453774,4
NCT04487210,6
NCT04504734,25
NCT04429724,4
NCT04420468,3
NCT04460651,3
NCT04399889,3
NCT04341116,16
NCT04372186,10
NCT04353154,3
NCT04327505,7
NCT04328493,5
NCT04900415,1
NCT04900376,1
NCT04900337,1
NCT04900233,1
NCT04900155,1
NCT04900129,1
NCT04898205,2
NCT04894760,2
NCT04895189,2
NCT04868864,3
NCT04883190,2
NCT04775069,2
NCT04758299,4
NCT04707664,15
NCT04699916,5
NCT04818970,4
NCT04813562,2
NCT04646044,4
NCT04672564,5
NCT04609501,2
NCT04636333,4
NCT04634903,5
NCT04604743,3
NCT04650087,11
NCT04604145,3
NCT04400890,8
NCT04581811,3
NCT04555187,3
NCT04395911,6
NCT04898192,2
NCT04306393,9
NCT04902911,1
NCT04392778,2
NCT04383444,46
NCT04362813,14
NCT04359095,5
NCT04902157,1
NCT04900441,2
NCT04898140,2
NCT04678193,3
NCT04790240,2
NCT04738331,2
NCT04732949,3
NCT04653844,3
NCT04640168,26
NCT04888793,3
NCT04846010,3
NCT04842747,5
NCT04838119,3
NCT04765839,2
NCT04595136,2
NCT04579640,4
NCT04625972,5
NCT04510194,11
NCT04517006,5
NCT04401202,4
NCT04389840,13
NCT04351581,5
NCT04340557,5
NCT04333420,11
NCT04329546,3
NCT04903834,1
NCT04904731,1
NCT04904692,1
NCT04373044,5
NCT04358783,4
NCT04358549,11
NCT04904523,1
NCT04904510,1
NCT04904497,1
NCT04884295,2
NCT04902118,2
NCT04871737,2
NCT04864561,6
NCT04885907,2
NCT04750330,2
NCT04831866,2
NCT04826640,2
NCT04471051,2
NCT04716985,4
NCT04495907,7
NCT04495764,8
NCT04591717,9
NCT04640428,6
NCT04625725,6
NCT04565522,2
NCT04371367,4
NCT04397796,6
NCT04419610,11
NCT04349631,9
NCT04385199,2
NCT04342884,4
NCT04905862,1
NCT04905823,1
NCT04903184,2
NCT04902976,2
NCT04898062,2
NCT04895462,3
NCT04754594,6
NCT04776317,15
NCT04864132,3
NCT04858568,4
NCT04852835,4
NCT04785144,14
NCT04578509,5
NCT04715243,3
NCT04705597,5
NCT04690816,36
NCT04558476,2
NCT04483635,4
NCT04458337,6
NCT04509973,3
NCT04508023,10
NCT04595773,68
NCT04590469,2
NCT04468087,6
NCT04411147,17
NCT04401449,21
NCT04445285,4
NCT04424082,5
NCT04424004,4
NCT04419025,7
NCT04374526,4
NCT04910633,1
NCT04910360,1
NCT04283461,29
NCT04910971,1
NCT04910958,1
NCT04910542,1
NCT04910516,1
NCT04910334,1
NCT04910295,1
NCT04910230,1
NCT04910191,1
NCT04909476,2
NCT04909996,1
NCT04909918,1
NCT04909905,1
NCT04906850,2
NCT04905875,2
NCT04908007,1
NCT04907981,1
NCT04899245,2
NCT04904549,2
NCT04903132,2
NCT04898985,2
NCT04898946,2
NCT04871854,2
NCT04877496,2
NCT04874766,2
NCT04873414,4
NCT04896710,4
NCT04895085,2
NCT04894227,2
NCT04852757,3
NCT04852276,9
NCT04851821,2
NCT04847141,4
NCT04864548,3
NCT04859517,11
NCT04698993,3
NCT04843761,10
NCT04821037,2
NCT04816643,5
NCT04792567,5
NCT04771611,4
NCT04763681,2
NCT04709120,3
NCT04828434,3
NCT04828135,2
NCT04822701,7
NCT04764747,2
NCT04596839,5
NCT04640233,3
NCT04640194,16
NCT04583969,26
NCT04583956,26
NCT04676867,5
NCT04616989,4
NCT04590586,14
NCT04590547,5
NCT04588428,9
NCT04581954,3
NCT04558749,3
NCT04535167,9
NCT04565249,7
NCT04546581,6
NCT04501978,37
NCT04539821,5
NCT04537299,6
NCT04546776,2
NCT04518410,73
NCT04458519,5
NCT04475107,8
NCT04474236,2
NCT04470869,2
NCT04445272,3
NCT04424446,29
NCT04443881,2
NCT04431908,4
NCT04395105,5
NCT04405102,4
NCT04404426,5
NCT04371978,5
NCT04371835,4
NCT04368728,30
NCT04362137,21
NCT04360096,10
NCT04358952,3
NCT04387656,153
NCT04386291,6
NCT04385849,4
NCT04382651,16
NCT04373733,5
NCT04327804,3
NCT04336410,11
NCT04343755,7
NCT04325646,7
NCT04313023,13
NCT04312997,16
NCT04912934,1
NCT04912921,1
NCT04912895,1
NCT04912804,1
NCT04912284,1
NCT04911868,1
NCT04912011,1
NCT04904783,2
NCT04889209,3
NCT04852289,32
NCT04871932,2
NCT04867265,3
NCT04818892,6
NCT04844138,2
NCT04771000,7
NCT04794829,59
NCT04720378,4
NCT04734873,14
NCT04655638,6
NCT04588363,24
NCT04684615,111
NCT04627675,4
NCT04582903,160
NCT04609085,147
NCT04573062,166
NCT04575597,29
NCT04565080,171
NCT04565067,171
NCT04564274,171
NCT04377100,256
NCT04451174,5
NCT04426201,5
NCT04419870,237
NCT04417673,238
NCT04344587,14
NCT04331665,4
NCT04391309,14
NCT04388826,19
NCT04344184,10
